topic,issue_number,title,url,state,labels,assignees,created_at,updated_at,last_seen_at,archived_at,archive_reason,linked_pr_status,difficulty,component,learning_value,fixability,my_status,notes,next_action
attention_kernels,37995,[RFC]: Prefill Context Parallel for Qwen3.5 Hybrid Attention,https://github.com/vllm-project/vllm/issues/37995,open,"feature request, keep-open",,2026-03-24T10:57:46Z,2026-06-29T03:12:16Z,2026-09-15T18:43:32+00:00,,,unlinked,,,,,new,,
attention_kernels,40260,[Bug]: Incompatible dimension when using Mistral Small 4,https://github.com/vllm-project/vllm/issues/40260,open,bug,,2026-04-18T19:15:58Z,2026-07-06T23:17:26Z,2026-09-15T18:43:32+00:00,,,unlinked,,,,,new,,
attention_kernels,40544,[Feature]: Integrate fused `kMoEFinalizeARResidualRMSNorm` from FlashInfer,https://github.com/vllm-project/vllm/issues/40544,open,"help wanted, feature request",,2026-04-21T19:22:16Z,2026-09-01T10:11:52Z,2026-09-15T18:43:32+00:00,,,unlinked,,,,,new,,
attention_kernels,42659,[RFC]: Per-Layer Parallelism Policy,https://github.com/vllm-project/vllm/issues/42659,open,feature request,,2026-05-14T16:25:43Z,2026-07-13T03:40:43Z,2026-09-15T18:43:32+00:00,,,linked_partial,,,,,new,,
attention_kernels,43089,[Feature]: Integrate FlashQLA for fast linear attention,https://github.com/vllm-project/vllm/issues/43089,open,feature request,,2026-05-19T11:26:15Z,2026-06-23T01:24:48Z,2026-09-15T18:43:32+00:00,,,unlinked,,,,,new,,
attention_kernels,45258,[RFC]: FULL cudagraph support for spec-decode drafter chain steps (currently PIECEWISE-only; measured ~15-18% of decode step time),https://github.com/vllm-project/vllm/issues/45258,open,,,2026-06-11T08:23:47Z,2026-06-18T07:02:37Z,2026-09-15T18:43:32+00:00,,,unlinked,,,,,new,,
attention_kernels,45604,"[Bug]: CUDA invalid argument in FlashInfer AllReduce norm fusion on MiniMax-M3 MXFP8, 4x H200",https://github.com/vllm-project/vllm/issues/45604,open,bug,,2026-06-14T21:01:15Z,2026-06-15T07:22:45Z,2026-09-15T18:43:32+00:00,,,unlinked,,,,,new,,
attention_kernels,45667,[Feature]: Cascade Attention for Flashinfer,https://github.com/vllm-project/vllm/issues/45667,open,feature request,,2026-06-15T08:11:07Z,2026-06-15T08:11:07Z,2026-09-15T18:43:32+00:00,,,unlinked,,,,,new,,
attention_kernels,46625,Qwen3-VL-8B-FP8 on RTX 5080 (Blackwell SM120) - engine init OK but generate() hangs silently,https://github.com/vllm-project/vllm/issues/46625,open,,,2026-06-24T14:25:00Z,2026-07-03T14:06:11Z,2026-09-15T18:43:32+00:00,,,unlinked,,,,,new,,
attention_kernels,47127,[Bug] OOM during profile_run with GLM-5.2 PD disaggregation + FlashInfer CUTLASS MoE on H100,https://github.com/vllm-project/vllm/issues/47127,open,,,2026-06-30T07:22:15Z,2026-06-30T07:22:15Z,2026-09-15T18:43:32+00:00,,,unlinked,,,,,new,,
attention_kernels,47275,"[Bug]: Gemma4 MoE (26B-A4B) aborts with ""nanobind::builtin_exception: Expected an MLIR object (got OpResultList)"" during CUDA graph capture on H200 (SM90) with FA4",https://github.com/vllm-project/vllm/issues/47275,open,,,2026-07-01T08:59:31Z,2026-07-01T08:59:31Z,2026-09-15T18:43:32+00:00,,,unlinked,,,,,new,,
attention_kernels,47351,"[RFC]: Sparse-attention-based self-speculative decoding (StreamingLLM, then Vegas)",https://github.com/vllm-project/vllm/issues/47351,open,RFC,,2026-07-01T22:41:22Z,2026-07-02T00:54:42Z,2026-09-15T18:43:32+00:00,,,unlinked,,,,,new,,
attention_kernels,47367,"[Bug]: Deploying the GLM5.2-nvfp4 model using the 0.24.0 image , the model occasionally outputs ""!!!!!!!!!!!!!!!!!"" in the thinking phase,",https://github.com/vllm-project/vllm/issues/47367,open,bug,,2026-07-02T01:50:57Z,2026-07-23T09:36:57Z,2026-09-15T18:43:32+00:00,,,unlinked,,,,,new,,
attention_kernels,47919,[RFC]   guard-gated sparse MLA topology index policy,https://github.com/vllm-project/vllm/issues/47919,open,,,2026-07-07T20:43:39Z,2026-07-08T01:57:00Z,2026-09-15T18:43:32+00:00,,,linked_partial,,,,,new,,
attention_kernels,48283,[Feature]: Folding per-platform default arguments into the vLLM engine,https://github.com/vllm-project/vllm/issues/48283,open,feature request,,2026-07-10T21:50:11Z,2026-07-12T04:53:39Z,2026-09-15T18:43:32+00:00,,,unlinked,,,,,new,,
attention_kernels,48285,TRITON_MLA_SPARSE fallback crashes on SM80 during CUDA graph capture,https://github.com/vllm-project/vllm/issues/48285,open,,,2026-07-10T22:39:55Z,2026-07-11T09:01:16Z,2026-09-15T18:43:32+00:00,,,unlinked,,,,,new,,
attention_kernels,48374,[RFC]: fp8 KV cache for the Ampere sparse-MLA path (TRITON_MLA_SPARSE) via software dequant,https://github.com/vllm-project/vllm/issues/48374,open,,,2026-07-11T23:43:47Z,2026-07-14T09:54:22Z,2026-09-15T18:43:32+00:00,,,unlinked,,,,,new,,
attention_kernels,48396,"[Bug]: ~11% long-prefill regression v0.24.0 -> v0.25.x on SM120, traced to the FlashInfer 0.6.13 bump (#46683)",https://github.com/vllm-project/vllm/issues/48396,open,,,2026-07-12T09:54:28Z,2026-07-14T23:54:36Z,2026-09-15T18:43:32+00:00,,,unlinked,,,,,new,,
attention_kernels,48445,[RFC]: Support SparDA-style decoupled Forecast projection for lookahead KV prefetch in sparse attention,https://github.com/vllm-project/vllm/issues/48445,open,RFC,,2026-07-13T01:52:58Z,2026-07-15T10:05:10Z,2026-09-15T18:43:32+00:00,,,linked_partial,,,,,new,,
attention_kernels,48747,[Feature]: Can we add base PCP support for hybrid attention?,https://github.com/vllm-project/vllm/issues/48747,open,feature request,,2026-07-15T15:07:37Z,2026-07-15T16:04:03Z,2026-09-15T18:43:32+00:00,,,unlinked,,,,,new,,
attention_kernels,48803,"[Bug]: ""There are significant spike issues in TTFT"" with Kimi-K2.6-NVFP4",https://github.com/vllm-project/vllm/issues/48803,open,bug,,2026-07-16T03:05:31Z,2026-07-16T03:07:52Z,2026-09-15T18:43:32+00:00,,,unlinked,,,,,new,,
attention_kernels,48823,[Bug]: Failed to initialize FlashInfer All Reduce workspace: CUDA driver error: invalid device ordinal,https://github.com/vllm-project/vllm/issues/48823,open,bug,,2026-07-16T07:23:42Z,2026-07-16T07:23:42Z,2026-09-15T18:43:32+00:00,,,unlinked,,,,,new,,
attention_kernels,49165,[Bug] Deepseek-V4-Pro corruption: H100 multi-rank startup can select a FlashInfer block-FP8 path with a cold JIT cache race,https://github.com/vllm-project/vllm/issues/49165,open,,,2026-07-20T07:59:16Z,2026-07-20T10:06:18Z,2026-09-15T18:43:32+00:00,,,unlinked,,,,,new,,
attention_kernels,49259,[Bug]: [Performance]: Qwen3-VL-32B-FP8 throughput collapses on v0.25.1 (v0.24.0 fine),https://github.com/vllm-project/vllm/issues/49259,open,bug,,2026-07-20T23:32:58Z,2026-07-21T11:14:12Z,2026-09-15T18:43:32+00:00,,,unlinked,,,,,new,,
attention_kernels,49476,[Bug]: FlashInfer b12x SM120 MoE workspace allocated inside `profile_run` → OOM on 16 GB Blackwell (NVFP4 Qwen3.6-35B-A3B); regressed between vLLM dev552/FlashInfer 0.6.12 and v0.25.1/FlashInfer 0.6.13,https://github.com/vllm-project/vllm/issues/49476,open,,,2026-07-22T18:16:31Z,2026-08-26T01:15:37Z,2026-09-15T18:43:32+00:00,,,unlinked,,,,,new,,
attention_kernels,49630,[Feature]: Integration of HieraSparse N:M Semi-Structured Sparse KV Cache Attention,https://github.com/vllm-project/vllm/issues/49630,open,feature request,,2026-07-23T18:12:44Z,2026-07-29T02:56:13Z,2026-09-15T18:43:32+00:00,,,unlinked,,,,,new,,
attention_kernels,49643,[RFC]: Enable full CUDA graphs for MoRIIO READ mode via async KV-load gating,https://github.com/vllm-project/vllm/issues/49643,open,RFC,,2026-07-23T22:14:13Z,2026-07-29T02:56:42Z,2026-09-15T18:43:32+00:00,,,unlinked,,,,,new,,
attention_kernels,49886,[Bug]: GLM-5.2-NVFP4 produces garbled/incorrect output and hits NotImplementedError in forward_mha on GB10 (SM121a) with FLASHINFER_MLA_SPARSE_SM120,https://github.com/vllm-project/vllm/issues/49886,open,bug,,2026-07-26T15:30:18Z,2026-07-29T10:39:23Z,2026-09-15T18:43:32+00:00,,,unlinked,,,,,new,,
attention_kernels,50331,"[Bug]: FlashInfer BatchPrefillWithPagedKVCache fails with ""invalid resource handle"" on SM121 (GB10) with head_dim 256 + FP8 KV cache",https://github.com/vllm-project/vllm/issues/50331,open,,,2026-07-29T21:38:43Z,2026-09-02T00:27:06Z,2026-09-15T18:43:32+00:00,,,unlinked,,,,,new,,
attention_kernels,50707,[Bug] DFlash on SM121 (GB10 / DGX Spark): attention autoselect picks FLASH_ATTN for non-causal draft attention and device-asserts in _vllm_fa2_C.varlen_fwd,https://github.com/vllm-project/vllm/issues/50707,open,,,2026-08-01T23:47:53Z,2026-08-21T04:57:25Z,2026-09-15T18:43:32+00:00,,,unlinked,,,,,new,,
attention_kernels,50722,"[Bug]: With qwen3.5-35b-a3b, the performance is relatively poor both when using dflash and when not using it, but the accepted length of dflash is around 5–6.",https://github.com/vllm-project/vllm/issues/50722,open,bug,,2026-08-02T04:44:49Z,2026-08-14T10:10:53Z,2026-09-15T18:43:32+00:00,,,unlinked,,,,,new,,
attention_kernels,50738,[RFC]: Dual Batch Overlap (DBO) for Model Runner V2,https://github.com/vllm-project/vllm/issues/50738,open,RFC,,2026-08-02T10:07:02Z,2026-08-10T14:30:33Z,2026-09-15T18:43:32+00:00,,,unlinked,,,,,new,,
attention_kernels,51297,[Bug]: Qwen3.5 122b a10 model RuntimeError: Triton Error [CUDA]: an illegal memory access was encountered,https://github.com/vllm-project/vllm/issues/51297,open,bug,,2026-08-06T18:41:20Z,2026-08-22T00:50:48Z,2026-09-15T18:43:32+00:00,,,unlinked,,,,,new,,
attention_kernels,52938,"[Bug]: DeepSeek-V4-Flash on RTX PRO 6000 Blackwell (SM120) emits degenerate output — identical argmax token + identical logprob at every decode position, TP and DP+EP alike, confirmed independent of environment/install history (FLASHINFER_MLA_SPARSE_DSV4)",https://github.com/vllm-project/vllm/issues/52938,open,,,2026-08-19T11:26:39Z,2026-09-09T01:24:50Z,2026-09-15T18:43:32+00:00,,,unlinked,,,,,new,,
attention_kernels,53134,[Bug]: DC unavailable for GlmMoeDsa (GLM-5.2 FP8) on SM90 — sparse MLA backend lacks decode-LSE support,https://github.com/vllm-project/vllm/issues/53134,open,"bug, glm",,2026-08-20T16:27:58Z,2026-08-25T20:42:26Z,2026-09-15T18:43:32+00:00,,,unlinked,,,,,new,,
attention_kernels,53343,[RFC]: Sleep Mode Tensor Ownership and Recovery,https://github.com/vllm-project/vllm/issues/53343,open,"RFC, quantization",,2026-08-22T02:37:50Z,2026-08-25T07:44:43Z,2026-09-15T18:43:32+00:00,,,linked_partial,,,,,new,,
attention_kernels,53684,[RFC]: Allow the DSA Indexer to Use Context Parallelism Independently,https://github.com/vllm-project/vllm/issues/53684,open,RFC,,2026-08-25T06:11:50Z,2026-08-25T06:21:48Z,2026-09-15T18:43:32+00:00,,,unlinked,,,,,new,,
attention_kernels,54059,"[Model]: GLM-5.3-Flash (glm5_next): no sparse-MLA attention path on Ada (sm_89, RTX 4090)",https://github.com/vllm-project/vllm/issues/54059,open,glm,,2026-08-27T14:06:53Z,2026-09-02T18:16:45Z,2026-09-15T18:43:32+00:00,,,unlinked,,,,,new,,
attention_kernels,54225,[Bug]: FlashInfer attention backend causes CUDA illegal memory access on sm_120 with NVFP4 + fp8 KV cache; crashes on a 16-token request; TRITON_ATTN unaffected,https://github.com/vllm-project/vllm/issues/54225,open,quantization,,2026-08-28T15:31:16Z,2026-09-08T13:58:50Z,2026-09-15T18:43:32+00:00,,,unlinked,,,,,new,,
attention_kernels,54331,"[Bug]: sm_120 hybrid-GDN NVFP4 dies under sustained load whenever CUDA graphs are on — persists 0.26.0 → 0.28.0, clean on 0.24.0; PIECEWISE and TRITON_ATTN both fail, only enforce_eager survives",https://github.com/vllm-project/vllm/issues/54331,open,quantization,,2026-08-29T08:58:36Z,2026-08-29T09:00:10Z,2026-09-15T18:43:32+00:00,,,unlinked,,,,,new,,
attention_kernels,54458,[Bug]: Hybrid mamba/attention page alignment inflates attention blocks to 7808 tokens — per-request KV footprint of ~23 giant pages collapses concurrency and prefix caching (GLM-5.3-Flash/Glm5Next),https://github.com/vllm-project/vllm/issues/54458,open,"kv-cache-manager, glm",,2026-08-30T17:37:53Z,2026-08-30T23:19:47Z,2026-09-15T18:43:32+00:00,,,unlinked,,,,,new,,
attention_kernels,54459,[Bug] [Portability][MSVC]: M_LOG2E is unavailable when building Flash Attention with NVCC and MSVC,https://github.com/vllm-project/vllm/issues/54459,open,bug,,2026-08-30T17:42:38Z,2026-08-31T15:26:22Z,2026-09-15T18:43:32+00:00,,,unlinked,,,,,new,,
attention_kernels,54595,"[Bug]: Qwen4Exp is gated off on XPU, but most of what the gate hides is not XPU-specific",https://github.com/vllm-project/vllm/issues/54595,open,intel-gpu,,2026-08-31T15:43:50Z,2026-09-09T02:21:22Z,2026-09-15T18:43:32+00:00,,,unlinked,,,,,new,,
attention_kernels,54740,"[Bug]: [XPU] gdn_attention asserts on ragged ngram draft lengths (single stream, survives #53077)",https://github.com/vllm-project/vllm/issues/54740,open,"bug, intel-gpu, quantization",,2026-09-01T09:15:33Z,2026-09-15T05:47:34Z,2026-09-15T18:43:32+00:00,,,unlinked,,,,,new,,
attention_kernels,55279,"[Bug]: DFlash2 (dflash method) deterministic cumulative OOB — engine dies with CUDA IMA / Xid 31 after ~11k decode steps under sampling load (sm_80, v0.27.1)",https://github.com/vllm-project/vllm/issues/55279,open,,,2026-09-04T04:03:38Z,2026-09-08T14:13:25Z,2026-09-15T18:43:32+00:00,,,unlinked,,,,,new,,
attention_kernels,55406,[Bug]: Nemotron-3.5-Lightning-30B-A3B-NVFP4 dies with CUDA illegal memory access in cudagraph replay on SM110 (Jetson Thor); deterministic 5-request repro; --enforce-eager works around it,https://github.com/vllm-project/vllm/issues/55406,open,,,2026-09-04T21:38:45Z,2026-09-05T10:25:08Z,2026-09-15T18:43:32+00:00,,,unlinked,,,,,new,,
attention_kernels,55526,"[Bug]: DeepSeek-V4-Flash TP=16 on SM120 (RTX 5090 x16, ray multi-node) fails: DSV4 sparse MLA decode specialization error for (num_q_heads=8, top_k=128) despite FlashInfer dispatch table containing that config",https://github.com/vllm-project/vllm/issues/55526,open,"deepseek, DSv4",,2026-09-06T02:28:40Z,2026-09-07T01:26:28Z,2026-09-15T18:43:32+00:00,,,unlinked,,,,,new,,
attention_kernels,55571,"[Bug]: Xid 13 ""Out Of Range Address"" / CUDA illegal memory access on RTX PRO 5000 (SM120) with FP8 model under sustained load — gone with VLLM_DISABLED_KERNELS=FlashInferFP8ScaledMMLinearKernel or --enforce-eager",https://github.com/vllm-project/vllm/issues/55571,open,"bug, quantization",,2026-09-06T12:45:12Z,2026-09-07T06:18:50Z,2026-09-15T18:43:32+00:00,,,unlinked,,,,,new,,
attention_kernels,56564,[Performance]: GLM-5.3-Flash on H100: auto-selected FLASHINFER_MLA_SPARSE_SM90 is 36-70% slower than FLASH_ATTN_MLA_SPARSE,https://github.com/vllm-project/vllm/issues/56564,open,glm,,2026-09-12T04:03:42Z,2026-09-12T04:04:18Z,2026-09-15T18:43:32+00:00,,,unlinked,,,,,new,,
attention_kernels,56837,"[Bug] DeepSeek-V4.1 on sm_120 (RTX PRO 2000 Blackwell): no FlashInfer SM120 sparse-MLA kernel for (num_heads=64, topk=1152); FlashMLA sparse is SM90a/SM100f only",https://github.com/vllm-project/vllm/issues/56837,open,"deepseek, quantization, DSv4.1",,2026-09-14T13:29:14Z,2026-09-14T13:32:06Z,2026-09-15T18:43:32+00:00,,,unlinked,,,,,new,,
attention_kernels,56892,"[Bug/Perf] DeepSeek-V4.1-Flash on SM120 (RTX PRO 6000 Blackwell, 8xTP): extremely low decode throughput with --enforce-eager; CUDA graphs unusable — please prioritize SM120 graph capture fix",https://github.com/vllm-project/vllm/issues/56892,open,"deepseek, DSv4.1",,2026-09-14T20:27:15Z,2026-09-15T05:02:08Z,2026-09-15T18:43:32+00:00,,,unlinked,,,,,new,,
attention_kernels,56896,Port PR #55738 (GLM-5.3-Flash NoPE MLA prefill) to older vLLM trees + SM120 note,https://github.com/vllm-project/vllm/issues/56896,open,glm,,2026-09-14T21:04:17Z,2026-09-14T21:05:44Z,2026-09-15T18:43:32+00:00,,,unlinked,,,,,new,,
distributed_pd,38923,[Feature]: Built-in request multiplexer to let `vllm serve` use all available GPUs without external proxies,https://github.com/vllm-project/vllm/issues/38923,open,"feature request, unstale",,2026-04-03T16:30:26Z,2026-07-27T02:17:45Z,2026-09-15T18:43:32+00:00,,,unlinked,,,,,new,,
distributed_pd,39647,[RFC]: support n sampling requests to eliminate redundant prefill computation and memory,https://github.com/vllm-project/vllm/issues/39647,open,RFC,,2026-04-12T18:58:41Z,2026-07-13T12:52:38Z,2026-09-15T18:43:32+00:00,,,unlinked,,,,,new,,
distributed_pd,42354,[Bug]: Distributed inference hanging on a 2 node DGX spark cluster with Mistral 3.5 Medium 128B with TP=2,https://github.com/vllm-project/vllm/issues/42354,open,bug,,2026-05-11T23:48:52Z,2026-07-23T13:29:34Z,2026-09-15T18:43:32+00:00,,,unlinked,,,,,new,,
distributed_pd,42515,[RFC]: External Elastic EP Scaling,https://github.com/vllm-project/vllm/issues/42515,open,RFC,,2026-05-13T09:38:00Z,2026-08-26T01:12:53Z,2026-09-15T18:43:32+00:00,,,linked_partial,,,,,new,,
distributed_pd,44238,[Bug] MooncakeConnector: KV cache data corruption under concurrent PD transfers (batch_transfer_sync_write race),https://github.com/vllm-project/vllm/issues/44238,open,,,2026-06-01T17:05:07Z,2026-08-26T05:33:16Z,2026-09-15T18:43:32+00:00,,,unlinked,,,,,new,,
distributed_pd,44269,"[Bug]: vLLM hangs when sending a request with ""response_format"" key for early unsuppoted models like Minimax-M2.5",https://github.com/vllm-project/vllm/issues/44269,open,"bug, structured-output",,2026-06-02T01:02:58Z,2026-08-31T23:26:17Z,2026-09-15T18:43:32+00:00,,,unlinked,,,,,new,,
distributed_pd,45021,[Bug]: vllm 0.22 nccl error: invalid usage,https://github.com/vllm-project/vllm/issues/45021,open,bug,,2026-06-09T13:39:23Z,2026-06-19T16:59:37Z,2026-09-15T18:43:32+00:00,,,unlinked,,,,,new,,
distributed_pd,46526,[RFC]: Add Helion linear backend for vLLM,https://github.com/vllm-project/vllm/issues/46526,open,"RFC, quantization",,2026-06-23T18:19:33Z,2026-09-05T23:33:09Z,2026-09-15T18:43:32+00:00,,,linked_partial,,,,,new,,
distributed_pd,46591,"[Bug]: test_tp_language_generation[Llama-3.2-1B-...parallel_setup{9,10}] times out (480s) on Hopper — server actually starts but exceeds the test deadline",https://github.com/vllm-project/vllm/issues/46591,open,,,2026-06-24T07:51:21Z,2026-06-24T09:20:10Z,2026-09-15T18:43:32+00:00,,,unlinked,,,,,new,,
distributed_pd,46679,"[Bug]: GLM5.2 RuntimeError: The expanded size of the tensor (10210) must match the existing size (16384) at non-singleton dimension 1.  Target sizes: [12, 10210].  Tensor sizes: [12, 16384]",https://github.com/vllm-project/vllm/issues/46679,open,bug,,2026-06-25T02:04:38Z,2026-07-03T03:23:13Z,2026-09-15T18:43:32+00:00,,,unlinked,,,,,new,,
distributed_pd,47326,[Bug]: Incoherent output depending on tensor-parallel-size during inference on Leanstral (Mistral Small 4 family),https://github.com/vllm-project/vllm/issues/47326,open,bug,,2026-07-01T19:23:54Z,2026-07-01T19:23:54Z,2026-09-15T18:43:32+00:00,,,unlinked,,,,,new,,
distributed_pd,47768,[RFC]: vLLM gRPC server API for downstream integrations,https://github.com/vllm-project/vllm/issues/47768,open,RFC,,2026-07-06T18:16:06Z,2026-07-06T18:36:10Z,2026-09-15T18:43:32+00:00,,,unlinked,,,,,new,,
distributed_pd,47918,[Bug]: V1 + Ray distributed executor + LoRA — execute_model returns NoneType on NVIDIA GPU,https://github.com/vllm-project/vllm/issues/47918,open,,,2026-07-07T20:36:21Z,2026-07-07T20:36:21Z,2026-09-15T18:43:32+00:00,,,unlinked,,,,,new,,
distributed_pd,48236,"LMCache + vLLM: pipeline parallelism now works with MLA models (Kimi K2, GLM-4.6)",https://github.com/vllm-project/vllm/issues/48236,open,,,2026-07-10T09:33:14Z,2026-07-10T09:33:14Z,2026-09-15T18:43:32+00:00,,,unlinked,,,,,new,,
distributed_pd,48689,[Bug]: GLM-5.2 nvpf4 quantization not loading with TP,https://github.com/vllm-project/vllm/issues/48689,open,bug,,2026-07-15T04:28:07Z,2026-07-15T04:28:07Z,2026-09-15T18:43:32+00:00,,,unlinked,,,,,new,,
distributed_pd,48743,[RFC]: Return extracted hidden states in the generation response,https://github.com/vllm-project/vllm/issues/48743,open,RFC,,2026-07-15T14:37:12Z,2026-09-04T09:36:43Z,2026-09-15T18:43:32+00:00,,,unlinked,,,,,new,,
distributed_pd,50765,[Bug][P/D]: NIXL handshake failure with asymmetric TP in PD disaggregation (pTP2 + dTP4),https://github.com/vllm-project/vllm/issues/50765,open,,,2026-08-02T19:58:11Z,2026-08-13T02:12:38Z,2026-09-15T18:43:32+00:00,,,unlinked,,,,,new,,
distributed_pd,51518,"MooncakeConnector P/D: NVLink fallback transfer fails ""Requested address not found"" (fp8 MLA, v0.25.0)",https://github.com/vllm-project/vllm/issues/51518,open,,,2026-08-08T21:15:43Z,2026-08-08T21:15:43Z,2026-09-15T18:43:32+00:00,,,unlinked,,,,,new,,
distributed_pd,52359,[Refactor] Refactor EPD,https://github.com/vllm-project/vllm/issues/52359,open,feature request,,2026-08-14T14:48:32Z,2026-08-15T02:30:21Z,2026-09-15T18:43:32+00:00,,,unlinked,,,,,new,,
distributed_pd,52777,[RFC]: Rank-Skew-Aware Collective Attribution for Tensor-Parallel Serving,https://github.com/vllm-project/vllm/issues/52777,open,,,2026-08-18T14:09:11Z,2026-09-09T15:27:05Z,2026-09-15T18:43:32+00:00,,,linked_partial,,,,,new,,
distributed_pd,52913,[Feature]: Support Pipeline Parallelism (PP > 1) in NixlConnector for Disaggregated KV Cache Transfer,https://github.com/vllm-project/vllm/issues/52913,open,feature request,,2026-08-19T08:59:37Z,2026-08-25T17:46:25Z,2026-09-15T18:43:32+00:00,,,unlinked,,,,,new,,
distributed_pd,52997,[Bug]: Block-FP8 tensor-parallel shards smaller than a quantization block fail to load,https://github.com/vllm-project/vllm/issues/52997,open,"bug, quantization",,2026-08-19T19:55:01Z,2026-08-31T06:01:47Z,2026-09-15T18:43:32+00:00,,,unlinked,,,,,new,,
distributed_pd,53421,"[RFC]: First-Class, Orchestrator-Agnostic KV Hint Envelope for Agentic Workloads",https://github.com/vllm-project/vllm/issues/53421,open,RFC,,2026-08-23T02:21:01Z,2026-08-26T21:05:50Z,2026-09-15T18:43:32+00:00,,,linked_partial,,,,,new,,
distributed_pd,53569,[Bug][KV Offload] OffloadingConnector fs tier: multi-group MLA+DSA (DeepSeek-V4) TP=2 lookup fully misses across restart; single-group MHA hits 99.6%,https://github.com/vllm-project/vllm/issues/53569,open,"deepseek, DSv4",,2026-08-24T11:22:02Z,2026-09-05T03:18:03Z,2026-09-15T18:43:32+00:00,,,unlinked,,,,,new,,
distributed_pd,53796,[Bug]: PD-disaggregation cannot use PCIe P2P for KV transfer on Intel Arc Pro B60 (BMG),https://github.com/vllm-project/vllm/issues/53796,open,"intel-gpu, kv-connector",,2026-08-25T21:18:18Z,2026-08-25T21:18:25Z,2026-09-15T18:43:32+00:00,,,unlinked,,,,,new,,
distributed_pd,53894,[Bug]: v0.28.0 hangs when starting distributed inference with DeepSeek-V4-Pro on 2 nodes × 16 H100 GPUs,https://github.com/vllm-project/vllm/issues/53894,open,"bug, deepseek, DSv4",,2026-08-26T12:42:00Z,2026-09-02T06:19:47Z,2026-09-15T18:43:32+00:00,,,unlinked,,,,,new,,
distributed_pd,54333,[RFC]: Reduced sampling for tensor-parallel decoding,https://github.com/vllm-project/vllm/issues/54333,open,RFC,,2026-08-29T09:13:33Z,2026-08-29T09:13:33Z,2026-09-15T18:43:32+00:00,,,linked_partial,,,,,new,,
distributed_pd,54536,[Feature][KV-offloading]: Host-staged RDMA for MooncakeStoreConnector requester-only ranks,https://github.com/vllm-project/vllm/issues/54536,open,,,2026-08-31T09:08:35Z,2026-08-31T09:09:39Z,2026-09-15T18:43:32+00:00,,,unlinked,,,,,new,,
distributed_pd,54940,[RFC]: Support VLLM Container Snapshot with Checkpoint/Restore in Userspace (CRIU),https://github.com/vllm-project/vllm/issues/54940,open,,,2026-09-02T11:20:56Z,2026-09-15T05:53:54Z,2026-09-15T18:43:32+00:00,,,linked_partial,,,,,new,,
distributed_pd,55517,"[Bug]: qwen3.8-flash-next: assert numerator % denominator == 0, ""{} is not divisible by {}"".format",https://github.com/vllm-project/vllm/issues/55517,open,bug,,2026-09-06T00:45:10Z,2026-09-06T15:39:09Z,2026-09-15T18:43:32+00:00,,,unlinked,,,,,new,,
distributed_pd,55584,[RFC]: R3 support for prefill/decode disaggregation,https://github.com/vllm-project/vllm/issues/55584,open,"RFC, kv-connector",,2026-09-06T15:07:13Z,2026-09-06T15:07:40Z,2026-09-15T18:43:32+00:00,,,unlinked,,,,,new,,
distributed_pd,56123,[RFC]: P/D transfer contract across different parallel layouts with cp interleave size,https://github.com/vllm-project/vllm/issues/56123,open,"kv-connector, quantization",,2026-09-09T17:46:32Z,2026-09-09T17:58:00Z,2026-09-15T18:43:32+00:00,,,unlinked,,,,,new,,
distributed_pd,56797,"[Perf][Spec Decode] DeepSeek-V4.1-Flash DSpark mean acceptance length only 2.82 on GSM8K (k=5, 2×8 H20)",https://github.com/vllm-project/vllm/issues/56797,open,"bug, deepseek, DSv4.1",,2026-09-14T09:19:45Z,2026-09-15T19:03:30Z,2026-09-15T18:43:32+00:00,,,unlinked,,,,,new,,
distributed_pd,56828,[Bug][KV Offload][P2P] Peer-down on one rank does not fail loads or block new loads to sibling ranks of the same source,https://github.com/vllm-project/vllm/issues/56828,open,,,2026-09-14T12:37:29Z,2026-09-15T11:16:23Z,2026-09-15T18:43:32+00:00,,,unlinked,,,,,new,,
hardware_b200_b300,40350,"[Bug]: Qwen3.5-397B-A17B-NVFP4 engine hangs (Running≥1, 0 tok/s) under high concurrency on Blackwell GPUs",https://github.com/vllm-project/vllm/issues/40350,open,bug,,2026-04-20T12:03:59Z,2026-06-25T09:07:50Z,2026-09-15T18:43:32+00:00,,,unlinked,,,,,new,,
hardware_b200_b300,40604,[Bug]: DeepSeek-R1 hang on 8xB200 after NCCL Initialization,https://github.com/vllm-project/vllm/issues/40604,open,bug,,2026-04-22T09:49:03Z,2026-07-14T11:49:10Z,2026-09-15T18:43:32+00:00,,,unlinked,,,,,new,,
hardware_b200_b300,41687,[Bug]: DeepEP MoE all-to-all backend integration is unusable on Blackwell (SM103 / GB300),https://github.com/vllm-project/vllm/issues/41687,open,bug,,2026-05-05T00:59:25Z,2026-06-16T07:32:25Z,2026-09-15T18:43:32+00:00,,,unlinked,,,,,new,,
hardware_b200_b300,42186,[Bug][flashinfer 0.6.8]: worker hang on Qwen3.5-397B-A17B-NVFP4 EP=8 (B200 SM100) - bisected to flashinfer-python 0.6.7 → 0.6.8.post1,https://github.com/vllm-project/vllm/issues/42186,open,bug,,2026-05-09T21:47:17Z,2026-07-05T20:40:25Z,2026-09-15T18:43:32+00:00,,,unlinked,,,,,new,,
hardware_b200_b300,43457,[deepseek_v4 / DeepGEMM] paged_mqa_logits kernel asserts on next_n=3 → num_speculative_tokens capped at 1 on Hopper,https://github.com/vllm-project/vllm/issues/43457,open,,,2026-05-23T00:01:18Z,2026-06-16T10:04:24Z,2026-09-15T18:43:32+00:00,,,unlinked,,,,,new,,
hardware_b200_b300,43475,[Feature]: Add SpectralQuant KV Cache Compression (builds on TurboQuant #38479),https://github.com/vllm-project/vllm/issues/43475,open,feature request,,2026-05-23T09:10:03Z,2026-07-28T21:54:16Z,2026-09-15T18:43:32+00:00,,,unlinked,,,,,new,,
hardware_b200_b300,43775,"[Tracking][NUMA] Replace hard-coded Granite Rapids PCT detection with a generic, root-free path",https://github.com/vllm-project/vllm/issues/43775,open,"feature request, keep-open",,2026-05-27T10:29:08Z,2026-05-27T11:34:02Z,2026-09-15T18:43:32+00:00,,,unlinked,,,,,new,,
hardware_b200_b300,45888,[Bug]: Kimi K2.5 garbage output with default flashinfer cutlass linear backend when flashinfer autotune enabled with full and piecewise cuda compilation,https://github.com/vllm-project/vllm/issues/45888,open,bug,,2026-06-17T03:21:10Z,2026-06-18T02:14:48Z,2026-09-15T18:43:32+00:00,,,unlinked,,,,,new,,
hardware_b200_b300,46633,[Bug]: Qwen3.5 397B NVFP4 Crashes on B300,https://github.com/vllm-project/vllm/issues/46633,open,bug,,2026-06-24T15:30:34Z,2026-08-27T09:12:50Z,2026-09-15T18:43:32+00:00,,,unlinked,,,,,new,,
hardware_b200_b300,46669,[Bug]: MiMo V2.5-Pro Bad Outputs with specdec and async scheduling,https://github.com/vllm-project/vllm/issues/46669,open,bug,,2026-06-25T01:00:08Z,2026-06-25T01:00:08Z,2026-09-15T18:43:32+00:00,,,unlinked,,,,,new,,
hardware_b200_b300,47089,"[Performance]: Impact of Full Cuda Graph on different model sizes, batch size on B200",https://github.com/vllm-project/vllm/issues/47089,open,performance,,2026-06-30T00:01:57Z,2026-07-09T06:51:01Z,2026-09-15T18:43:32+00:00,,,unlinked,,,,,new,,
hardware_b200_b300,47349,[Bug]: fp8 KV cache + prefix caching truncates generation (ignore_eos bypassed) on Qwen3.5-NVFP4,https://github.com/vllm-project/vllm/issues/47349,open,,,2026-07-01T22:17:51Z,2026-07-02T23:13:28Z,2026-09-15T18:43:32+00:00,,,unlinked,,,,,new,,
hardware_b200_b300,47365,[Bug] NVFP4 flashinfer_b12x MoE produces empty/garbage output under pipeline or tensor parallel on SM120 — regression between dev552 (06-29) and dev601 (06-30),https://github.com/vllm-project/vllm/issues/47365,open,,,2026-07-02T01:15:27Z,2026-07-19T13:37:33Z,2026-09-15T18:43:32+00:00,,,unlinked,,,,,new,,
hardware_b200_b300,47572,[RFC]: ReplaySSM: cache SSM inputs instead of state for faster standard and speculative decode (Mamba2 + GDN),https://github.com/vllm-project/vllm/issues/47572,open,RFC,,2026-07-03T19:56:53Z,2026-08-03T03:05:48Z,2026-09-15T18:43:32+00:00,,,linked_partial,,,,,new,,
hardware_b200_b300,47930,[Bug]: DFlash/DSpark draft acceptance collapses with automatic prefix caching enabled,https://github.com/vllm-project/vllm/issues/47930,open,bug,,2026-07-07T23:17:24Z,2026-09-13T17:10:23Z,2026-09-15T18:43:32+00:00,,,unlinked,,,,,new,,
hardware_b200_b300,48486,[Bug]: Hang in CUDA Graph replay with PyTorch symmetric-memory all-reduce when profiling with Nsight Systems,https://github.com/vllm-project/vllm/issues/48486,open,bug,,2026-07-13T10:58:16Z,2026-07-13T10:58:16Z,2026-09-15T18:43:32+00:00,,,unlinked,,,,,new,,
hardware_b200_b300,48752,"[Bug]: sample_tokens RPC timeout with GLM-5.2-FP8 + DSpark speculative decoding, TP=8 across 2 nodes (Blackwell GB200)",https://github.com/vllm-project/vllm/issues/48752,open,,,2026-07-15T16:08:32Z,2026-08-06T12:21:50Z,2026-09-15T18:43:32+00:00,,,unlinked,,,,,new,,
hardware_b200_b300,48921,[Feature]: FlashInfer-CUTLASS NVFP4 MoE lacks SWIGLUSTEP activation (blocks Step-3.7-Flash-NVFP4 at TP=8),https://github.com/vllm-project/vllm/issues/48921,open,,,2026-07-17T07:05:22Z,2026-07-17T07:13:42Z,2026-09-15T18:43:32+00:00,,,unlinked,,,,,new,,
hardware_b200_b300,49232,[RFC]: ReplaySSM: cache SSM inputs instead of state for faster standard and speculative decode (Mamba2 + GDN),https://github.com/vllm-project/vllm/issues/49232,open,RFC,,2026-07-20T18:21:55Z,2026-07-21T13:30:03Z,2026-09-15T18:43:32+00:00,,,unlinked,,,,,new,,
hardware_b200_b300,49594,[Bug]: deadlock / hang with GLM-5.2-FP8 EP+DP on GB200 - with ablation table,https://github.com/vllm-project/vllm/issues/49594,open,,,2026-07-23T13:33:05Z,2026-07-29T02:53:57Z,2026-09-15T18:43:32+00:00,,,unlinked,,,,,new,,
hardware_b200_b300,49844,[Bug]: PP=2 + GlmMoeDsa: inductor compile combined with CUDA-graph capture produces garbage output; either alone is clean (v0.24 & v0.26),https://github.com/vllm-project/vllm/issues/49844,open,,,2026-07-25T23:25:39Z,2026-07-29T02:11:00Z,2026-09-15T18:43:32+00:00,,,unlinked,,,,,new,,
hardware_b200_b300,50206,[New Model]: Support GLM-5.2-Vision-NVFP4,https://github.com/vllm-project/vllm/issues/50206,open,kimi,,2026-07-29T03:35:29Z,2026-08-03T19:10:34Z,2026-09-15T18:43:32+00:00,,,unlinked,,,,,new,,
hardware_b200_b300,50430,[Bug]: vllm hangs at using NCCL message on 8xB200,https://github.com/vllm-project/vllm/issues/50430,open,"bug, quantization",,2026-07-30T12:55:01Z,2026-07-31T12:42:05Z,2026-09-15T18:43:32+00:00,,,unlinked,,,,,new,,
hardware_b200_b300,50821,[Bug]: Native CPU offloading can compute inconsistent num_cpu_blocks across PP ranks,https://github.com/vllm-project/vllm/issues/50821,open,bug,,2026-08-03T06:47:45Z,2026-08-03T06:48:33Z,2026-09-15T18:43:32+00:00,,,unlinked,,,,,new,,
hardware_b200_b300,50880,[Bug]: Single-GPU B300 intermittently hard-hangs under concurrency with SM at 100% and throughput at 0 (v0.25.1),https://github.com/vllm-project/vllm/issues/50880,open,,,2026-08-03T14:45:21Z,2026-08-04T16:40:29Z,2026-09-15T18:43:32+00:00,,,unlinked,,,,,new,,
hardware_b200_b300,50968,[Bug]: Kimi-K2.6 TP=4 segfaults in gptq_marlin_repack on GB200 ARM64 with vLLM 0.26.0,https://github.com/vllm-project/vllm/issues/50968,open,"quantization, kimi",,2026-08-04T04:58:28Z,2026-08-04T06:18:08Z,2026-09-15T18:43:32+00:00,,,unlinked,,,,,new,,
hardware_b200_b300,51066,[Bug]: nvidia/Kimi-K2.6-NVFP4 TP=4 segfaults during cuDNN vision profiling on GB200 ARM64 unless --language-model-only is set,https://github.com/vllm-project/vllm/issues/51066,open,"quantization, kimi",,2026-08-04T18:30:38Z,2026-08-04T18:30:58Z,2026-09-15T18:43:32+00:00,,,unlinked,,,,,new,,
hardware_b200_b300,51250,[Bug]: Prefix caching is ineffective on Mamba-2/GDN hybrid (Qwen3_5MoeForConditionalGeneration),https://github.com/vllm-project/vllm/issues/51250,open,bug,,2026-08-06T10:14:25Z,2026-09-02T06:45:54Z,2026-09-15T18:43:32+00:00,,,unlinked,,,,,new,,
hardware_b200_b300,51494,"[Performance] MiniMax-M3-NVFP4 on 8x B200, first numbers after the #48929 correctness fix: 1M real-prose envelope, EAGLE3 2.1-2.3x decode",https://github.com/vllm-project/vllm/issues/51494,open,,,2026-08-08T09:03:27Z,2026-08-12T03:30:58Z,2026-09-15T18:43:32+00:00,,,unlinked,,,,,new,,
hardware_b200_b300,51798,"[Bug]: Kimi-K3-NVFP4 on 8xB300 produces degenerate, incoherent output in the reasoning channel on v0.27.0",https://github.com/vllm-project/vllm/issues/51798,open,"kimi, k3",,2026-08-11T10:01:53Z,2026-08-26T19:48:12Z,2026-09-15T18:43:32+00:00,,,unlinked,,,,,new,,
hardware_b200_b300,52531,[Bug]:  Kimi-K3 CUDA graph capture silently corrupts output at batch=1; three distinct failure modes across cudagraph modes.,https://github.com/vllm-project/vllm/issues/52531,open,"bug, kimi, k3",,2026-08-16T14:33:48Z,2026-08-19T03:41:07Z,2026-09-15T18:43:32+00:00,,,unlinked,,,,,new,,
hardware_b200_b300,52627,[Bug]: Kimi-K3 silent output corruption in 1P1D NIXL Direct-PD disaggregated deployment,https://github.com/vllm-project/vllm/issues/52627,open,"kimi, k3",,2026-08-17T14:58:31Z,2026-09-07T05:56:59Z,2026-09-15T18:43:32+00:00,,,unlinked,,,,,new,,
hardware_b200_b300,52640,[Feature]: Optional content fallback policy for length-truncated reasoning responses,https://github.com/vllm-project/vllm/issues/52640,open,"feature request, tool-calling",,2026-08-17T17:37:30Z,2026-08-31T23:36:14Z,2026-09-15T18:43:32+00:00,,,unlinked,,,,,new,,
hardware_b200_b300,52894,[Bug]: deepep_v2 crash in cudagraph mode,https://github.com/vllm-project/vllm/issues/52894,open,bug,,2026-08-19T06:53:51Z,2026-08-26T15:19:46Z,2026-09-15T18:43:32+00:00,,,unlinked,,,,,new,,
hardware_b200_b300,54062,[Bug]: GLM-5.3-Flash - attention archiecture Glm5NextTextLinearAttention not supported,https://github.com/vllm-project/vllm/issues/54062,open,"bug, glm",,2026-08-27T14:59:27Z,2026-09-10T07:24:55Z,2026-09-15T18:43:32+00:00,,,unlinked,,,,,new,,
hardware_b200_b300,54723,"[Bug]: FlashInfer TRTLLM MoE Backend stuck under DP/EP (Kimi K2 base, DeepSeek v3 base)",https://github.com/vllm-project/vllm/issues/54723,open,"bug, deepseek, quantization, kimi",,2026-09-01T07:24:26Z,2026-09-01T07:43:16Z,2026-09-15T18:43:32+00:00,,,unlinked,,,,,new,,
hardware_b200_b300,55017,[Feature] Add native SM103 BF16 head-dim 512 Q1 decode routing,https://github.com/vllm-project/vllm/issues/55017,open,quantization,,2026-09-02T21:29:20Z,2026-09-02T21:29:32Z,2026-09-15T18:43:32+00:00,,,unlinked,,,,,new,,
hardware_b200_b300,55394,"[RFC]: Tile-union QSA sparse attention for prefill (Qwen3.8-Flash-Next): share the K/V gather across neighbouring query rows, −4.7 % TTFT on GB10",https://github.com/vllm-project/vllm/issues/55394,open,,,2026-09-04T19:59:14Z,2026-09-05T10:02:11Z,2026-09-15T18:43:32+00:00,,,linked_partial,,,,,new,,
hardware_b200_b300,55486,"[Bug]: vLLM 0.28.0 — DeepSeek V4 on B200 (TP8+EP, fp8 KV, FULL_AND_PIECEWISE) generates only BOS tokens with V2 model runner default",https://github.com/vllm-project/vllm/issues/55486,open,deepseek,,2026-09-05T15:30:51Z,2026-09-05T15:30:59Z,2026-09-15T18:43:32+00:00,,,unlinked,,,,,new,,
hardware_b200_b300,55605,"[Bug][Spec Decode] GLM-5.3 (non-Flash) MTP: draft acceptance ~1-2% pos-0 even on repetitive text — draft head effectively emits noise (2 nightlies, 2 backends, graphs+eager)",https://github.com/vllm-project/vllm/issues/55605,open,glm,,2026-09-06T18:55:39Z,2026-09-15T06:53:46Z,2026-09-15T18:43:32+00:00,,,unlinked,,,,,new,,
hardware_b200_b300,56684,"[Performance]: 3.4 s engine stalls from DeepGEMM compiling the o-projection kernel per prefill chunk size, DeepSeek-V4.1-Flash on 8x B200",https://github.com/vllm-project/vllm/issues/56684,open,DSv4.1,,2026-09-13T08:51:23Z,2026-09-15T13:56:02Z,2026-09-15T18:43:32+00:00,,,unlinked,,,,,new,,
hardware_b200_b300,56785,[Bug]: HiSparse MLA indexer crashes with CUDA error: invalid argument during piecewise cudagraph capture - logical_topk_ready is recorded inside the capture segment but waited on after eager_break_during_capture ends capture,https://github.com/vllm-project/vllm/issues/56785,open,,,2026-09-14T08:14:25Z,2026-09-15T08:12:53Z,2026-09-15T18:43:32+00:00,,,unlinked,,,,,new,,
hardware_b200_b300,56868,[Bug]: GLM-5.3-Flash long-decode degeneration after accumulated reasoning decode,https://github.com/vllm-project/vllm/issues/56868,open,"bug, tool-calling, quantization, glm",,2026-09-14T16:50:06Z,2026-09-15T14:00:10Z,2026-09-15T18:43:32+00:00,,,unlinked,,,,,new,,
hardware_b200_b300,56889,[Bug]: HiSparseConnector produces incoherent outputs on GLM-5.2 DEP8,https://github.com/vllm-project/vllm/issues/56889,open,"bug, glm",,2026-09-14T20:17:58Z,2026-09-14T21:29:57Z,2026-09-15T18:43:32+00:00,,,unlinked,,,,,new,,
kv_cache,19854,[RFC]: KV cache offloading,https://github.com/vllm-project/vllm/issues/19854,open,"RFC, keep-open",,2025-06-19T10:52:43Z,2026-04-17T15:05:06Z,2026-09-15T18:43:32+00:00,,,unlinked,,,,,new,,
kv_cache,33263,[Feature]: Prevent overallocation of kv-cache,https://github.com/vllm-project/vllm/issues/33263,open,"feature request, unstale",,2026-01-28T15:21:23Z,2026-08-26T02:05:34Z,2026-09-15T18:43:32+00:00,,,unlinked,,,,,new,,
kv_cache,33398,[RFC]: Layerwise KV cache offloading to support longer sequence length,https://github.com/vllm-project/vllm/issues/33398,open,"RFC, unstale",,2026-01-30T08:18:32Z,2026-07-20T10:22:17Z,2026-09-15T18:43:32+00:00,,,unlinked,,,,,new,,
kv_cache,33980,[RFC]: Sparse attention KV cache offloading to support longer sequence length,https://github.com/vllm-project/vllm/issues/33980,open,"RFC, unstale",,2026-02-06T09:09:06Z,2026-07-29T00:16:17Z,2026-09-15T18:43:32+00:00,,,unlinked,,,,,new,,
kv_cache,37003,[RFC]: Context-Aware KV-Cache Retention API (Prioritized Evictions),https://github.com/vllm-project/vllm/issues/37003,open,RFC,,2026-03-13T19:05:08Z,2026-09-09T08:25:15Z,2026-09-15T18:43:32+00:00,,,linked_partial,,,,,new,,
kv_cache,39389,[Bug]: V1 engine prefix caching was causing non-deterministic outputs during greedy decoding T=0,https://github.com/vllm-project/vllm/issues/39389,open,"bug, unstale",,2026-04-09T05:42:35Z,2026-08-06T02:17:27Z,2026-09-15T18:43:32+00:00,,,unlinked,,,,,new,,
kv_cache,40244,[RFC]: Add API to restore free_block_queue allocation order for long-running RLHF / rollout sessions,https://github.com/vllm-project/vllm/issues/40244,open,RFC,,2026-04-18T10:43:22Z,2026-07-10T10:44:20Z,2026-09-15T18:43:32+00:00,,,unlinked,,,,,new,,
kv_cache,41938,[Feature]: Opt-in: stop caching KV blocks after thinking start tokens,https://github.com/vllm-project/vllm/issues/41938,open,"feature request, unstale, tool-calling",,2026-05-07T10:11:16Z,2026-09-01T01:51:34Z,2026-09-15T18:43:32+00:00,,,unlinked,,,,,new,,
kv_cache,42058,[Performance]: Quantized KV Cache Throughput/TTFT/TPOT slower?,https://github.com/vllm-project/vllm/issues/42058,open,performance,,2026-05-08T11:14:39Z,2026-08-04T12:21:58Z,2026-09-15T18:43:32+00:00,,,unlinked,,,,,new,,
kv_cache,42259,[RFC]: Logprobs/Logits Semantics and Determinism Across the vLLM Ecosystem,https://github.com/vllm-project/vllm/issues/42259,open,,,2026-05-11T01:19:31Z,2026-09-08T12:36:11Z,2026-09-15T18:43:32+00:00,,,linked_partial,,,,,new,,
kv_cache,42911,[Bug]: vllm0.19.1 with llmcache with qwen3.6-27B-FP8 failed,https://github.com/vllm-project/vllm/issues/42911,open,bug,,2026-05-18T01:49:22Z,2026-06-15T09:16:57Z,2026-09-15T18:43:32+00:00,,,unlinked,,,,,new,,
kv_cache,44223,[RFC]: Semantic KV Cache Reuse Interface,https://github.com/vllm-project/vllm/issues/44223,open,RFC,,2026-06-01T14:37:00Z,2026-08-12T06:20:46Z,2026-09-15T18:43:32+00:00,,,unlinked,,,,,new,,
kv_cache,45036,[RFC]: [Roadmap] Mooncake Store Connector Feature Enrichment Roadmap,https://github.com/vllm-project/vllm/issues/45036,open,RFC,,2026-06-09T16:00:32Z,2026-08-03T07:51:10Z,2026-09-15T18:43:32+00:00,,,linked_partial,,,,,new,,
kv_cache,45175,[RFC]: Extend hidden-state extraction to export verifier KV caches,https://github.com/vllm-project/vllm/issues/45175,open,RFC,,2026-06-10T17:38:28Z,2026-06-17T20:32:31Z,2026-09-15T18:43:32+00:00,,,unlinked,,,,,new,,
kv_cache,45633,[Bug]: vllm0.22.1 dsv4-flash have no prefix-cache use for ever,https://github.com/vllm-project/vllm/issues/45633,open,bug,,2026-06-15T02:50:17Z,2026-06-15T02:50:17Z,2026-09-15T18:43:32+00:00,,,unlinked,,,,,new,,
kv_cache,45769,[Bug]: Qwen3.6 27B pd disagg failed,https://github.com/vllm-project/vllm/issues/45769,open,bug,,2026-06-16T03:41:22Z,2026-06-19T15:57:24Z,2026-09-15T18:43:32+00:00,,,unlinked,,,,,new,,
kv_cache,45997,[RFC]: Kernel-agnostic constant-stride (layer-major) KV cache layout for KV connectors,https://github.com/vllm-project/vllm/issues/45997,open,,,2026-06-18T05:32:39Z,2026-06-18T16:02:31Z,2026-09-15T18:43:32+00:00,,,unlinked,,,,,new,,
kv_cache,47430,"[Bug]: vllm==0.23.0 Qwen3.6-27B, system prompt same in multi requests, But prefix cache failure.",https://github.com/vllm-project/vllm/issues/47430,open,bug,,2026-07-02T11:52:48Z,2026-07-06T03:06:37Z,2026-09-15T18:43:32+00:00,,,unlinked,,,,,new,,
kv_cache,47582,[RFC]: Opt-in incremental prompt encoding for multi-turn chat,https://github.com/vllm-project/vllm/issues/47582,open,,,2026-07-03T23:07:39Z,2026-07-10T23:53:04Z,2026-09-15T18:43:32+00:00,,,linked_partial,,,,,new,,
kv_cache,47684,[RFC]: FlashInfer NVFP4 KV serving on pre-SM100 GPUs,https://github.com/vllm-project/vllm/issues/47684,open,RFC,,2026-07-06T03:39:10Z,2026-08-10T23:33:16Z,2026-09-15T18:43:32+00:00,,,unlinked,,,,,new,,
kv_cache,47993,[RFC][Frontend/CLI]: Offline prefix-cache workload analyzer,https://github.com/vllm-project/vllm/issues/47993,open,,,2026-07-08T12:17:26Z,2026-08-24T11:44:49Z,2026-09-15T18:43:32+00:00,,,linked_partial,,,,,new,,
kv_cache,48005,[Bug]: VLLM concurrent requests: the last request does not return,https://github.com/vllm-project/vllm/issues/48005,open,bug,,2026-07-08T14:49:58Z,2026-07-08T16:27:38Z,2026-09-15T18:43:32+00:00,,,unlinked,,,,,new,,
kv_cache,48203,[RFC]: Layerwise and Sparse KV cache offloading to support longer sequence length,https://github.com/vllm-project/vllm/issues/48203,open,RFC,,2026-07-10T03:02:36Z,2026-08-03T00:16:14Z,2026-09-15T18:43:32+00:00,,,unlinked,,,,,new,,
kv_cache,48310,[RFC] Sleep/Wake Correctness for RL,https://github.com/vllm-project/vllm/issues/48310,open,RFC,,2026-07-11T03:26:14Z,2026-08-27T01:17:25Z,2026-09-15T18:43:32+00:00,,,linked_partial,,,,,new,,
kv_cache,48485,[RFC]: Waiting-Queue-Informed LRU for Prefix Cache Eviction,https://github.com/vllm-project/vllm/issues/48485,open,RFC,,2026-07-13T10:45:26Z,2026-08-17T03:14:13Z,2026-09-15T18:43:32+00:00,,,linked_partial,,,,,new,,
kv_cache,48501,[RFC]: Session-centric KV-cache orchestration over typed session identity,https://github.com/vllm-project/vllm/issues/48501,open,RFC,,2026-07-13T15:52:21Z,2026-08-07T09:15:03Z,2026-09-15T18:43:32+00:00,,,linked_partial,,,,,new,,
kv_cache,48504,[RFC]: GDS support for filesystem KV-cache offloading,https://github.com/vllm-project/vllm/issues/48504,open,,,2026-07-13T16:19:02Z,2026-07-28T07:51:15Z,2026-09-15T18:43:32+00:00,,,unlinked,,,,,new,,
kv_cache,49198,[Feature]: Recency-based progressive mixed-precision KV cache,https://github.com/vllm-project/vllm/issues/49198,open,feature request,,2026-07-20T12:30:05Z,2026-07-20T12:36:53Z,2026-09-15T18:43:32+00:00,,,unlinked,,,,,new,,
kv_cache,49360,[Bug]: `MooncakeStoreConnector` KV Offload hangs the vLLM engine on a GDN model (`Qwen3.6-35B-A3B`),https://github.com/vllm-project/vllm/issues/49360,open,bug,,2026-07-21T18:37:04Z,2026-07-29T02:34:27Z,2026-09-15T18:43:32+00:00,,,unlinked,,,,,new,,
kv_cache,49413,[RFC]: KV offload event path refactor — provenance-carrying events and key-only removals,https://github.com/vllm-project/vllm/issues/49413,open,,,2026-07-22T06:14:12Z,2026-08-13T05:43:52Z,2026-09-15T18:43:32+00:00,,,linked_partial,,,,,new,,
kv_cache,49545,[RFC]: Speculative recompute fallback for slow remote KV cache loads,https://github.com/vllm-project/vllm/issues/49545,open,RFC,,2026-07-23T07:21:36Z,2026-07-29T02:39:49Z,2026-09-15T18:43:32+00:00,,,unlinked,,,,,new,,
kv_cache,50031,[RFC]: Back-pressure detection for KV cache offloading tiers,https://github.com/vllm-project/vllm/issues/50031,open,RFC,,2026-07-27T18:28:59Z,2026-07-29T01:59:44Z,2026-09-15T18:43:32+00:00,,,linked_partial,,,,,new,,
kv_cache,50454,[Bug]: EngineCore crash: AssertionError at num_locally_computed_tokens in OffloadingConnector (kv offloading + mamba-hybrid + prefix caching + MTP) on 0.25.1,https://github.com/vllm-project/vllm/issues/50454,open,,,2026-07-30T16:32:02Z,2026-07-31T05:31:57Z,2026-09-15T18:43:32+00:00,,,unlinked,,,,,new,,
kv_cache,51198,[Bug]: --enable-prefix-caching is a silent 0%-hit no-op on Mamba-2/GDN hybrids (Qwen3_5MoeForConditionalGeneration),https://github.com/vllm-project/vllm/issues/51198,open,,,2026-08-05T20:26:15Z,2026-08-21T23:13:01Z,2026-09-15T18:43:32+00:00,,,unlinked,,,,,new,,
kv_cache,51240,[RFC][kv_offload]: Tiering Admission Policy Design,https://github.com/vllm-project/vllm/issues/51240,open,RFC,,2026-08-06T08:30:41Z,2026-09-15T02:52:43Z,2026-09-15T18:43:32+00:00,,,linked_partial,,,,,new,,
kv_cache,51428,[RFC]: Programmatic Session-Aware KV Cache Management,https://github.com/vllm-project/vllm/issues/51428,open,RFC,,2026-08-07T17:58:45Z,2026-08-23T02:29:44Z,2026-09-15T18:43:32+00:00,,,unlinked,,,,,new,,
kv_cache,51441,[Bug]: Hybrid sparse attention + Eagle results in full cache miss for certain prompt lengths,https://github.com/vllm-project/vllm/issues/51441,open,"bug, kimi, k3",,2026-08-07T20:19:47Z,2026-08-08T09:51:04Z,2026-09-15T18:43:32+00:00,,,unlinked,,,,,new,,
kv_cache,51751,[RFC]: Pluggable KV Cache Data Types,https://github.com/vllm-project/vllm/issues/51751,open,"RFC, quantization",,2026-08-11T02:06:58Z,2026-08-18T13:50:15Z,2026-09-15T18:43:32+00:00,,,linked_partial,,,,,new,,
kv_cache,51771,EAGLE/MTP block drop + prefix caching is untested for hybrid models with ≥3 attention groups (DeepSeek-V4-Flash + DSpark lands there),https://github.com/vllm-project/vllm/issues/51771,open,,,2026-08-11T06:22:08Z,2026-08-13T10:37:28Z,2026-09-15T18:43:32+00:00,,,unlinked,,,,,new,,
kv_cache,51930,[RFC]: Layerwise KV Cache Transfer for MooncakeStore with Session API Optimization,https://github.com/vllm-project/vllm/issues/51930,open,RFC,,2026-08-12T06:03:48Z,2026-08-18T02:18:14Z,2026-09-15T18:43:32+00:00,,,linked_partial,,,,,new,,
kv_cache,52113,[RFC]: Session-Aware KV Cache Hints for Agentic Workloads,https://github.com/vllm-project/vllm/issues/52113,open,RFC,,2026-08-13T06:54:55Z,2026-08-21T15:15:32Z,2026-09-15T18:43:32+00:00,,,unlinked,,,,,new,,
kv_cache,52583,[Bug]: Prefix Caching hangs with large multimodal inputs (Qwen3.8-VL) – CPU-bound hash alignment blocks prefill,https://github.com/vllm-project/vllm/issues/52583,open,bug,,2026-08-17T06:39:08Z,2026-08-29T03:36:14Z,2026-09-15T18:43:32+00:00,,,unlinked,,,,,new,,
kv_cache,52817,[RFC]: Hybrid SSM models and last-block-replay with SpecDec and APC enabled,https://github.com/vllm-project/vllm/issues/52817,open,RFC,,2026-08-18T19:30:22Z,2026-09-08T19:10:05Z,2026-09-15T18:43:32+00:00,,,unlinked,,,,,new,,
kv_cache,52837,[RFC]: Derive KV offload save sources from prefix-cache records,https://github.com/vllm-project/vllm/issues/52837,open,,,2026-08-18T21:57:09Z,2026-08-18T22:05:03Z,2026-09-15T18:43:32+00:00,,,unlinked,,,,,new,,
kv_cache,53042,[Bug][KV Offload] --kv-offloading-size allocates 1.92x the requested host memory as unreclaimable shmem,https://github.com/vllm-project/vllm/issues/53042,open,,,2026-08-20T03:32:21Z,2026-08-20T06:36:21Z,2026-09-15T18:43:32+00:00,,,unlinked,,,,,new,,
kv_cache,53194,[RFC]: A conformance suite for KV-cache key partitioning,https://github.com/vllm-project/vllm/issues/53194,open,RFC,,2026-08-21T03:06:07Z,2026-09-10T05:09:02Z,2026-09-15T18:43:32+00:00,,,linked_partial,,,,,new,,
kv_cache,53484,[RFC]: Generalize Connector Metrics,https://github.com/vllm-project/vllm/issues/53484,open,RFC,,2026-08-23T22:22:47Z,2026-08-23T22:22:47Z,2026-09-15T18:43:32+00:00,,,unlinked,,,,,new,,
kv_cache,53486,[RFC]: Secondary Tier Usage Metrics,https://github.com/vllm-project/vllm/issues/53486,open,RFC,,2026-08-23T22:32:43Z,2026-08-28T23:50:31Z,2026-09-15T18:43:32+00:00,,,unlinked,,,,,new,,
kv_cache,53607,[Bug]: CPU KV offload (OffloadingConnector) crashes on DeepSeek-V4 MLA — flat int8 layout assumption vs padded multi-group uint8 cache,https://github.com/vllm-project/vllm/issues/53607,open,"deepseek, DSv4",,2026-08-24T17:09:03Z,2026-08-24T17:17:52Z,2026-09-15T18:43:32+00:00,,,unlinked,,,,,new,,
kv_cache,54106,[Feature]: KV cache group splitting assumes n:1 pattern between attention types,https://github.com/vllm-project/vllm/issues/54106,open,feature request,,2026-08-27T20:46:23Z,2026-08-29T10:36:36Z,2026-09-15T18:43:32+00:00,,,unlinked,,,,,new,,
kv_cache,54207,[Feature]: Add explicit cache IDs for reusable multimodal and inference state,https://github.com/vllm-project/vllm/issues/54207,open,"feature request, multi-modality",,2026-08-28T12:33:14Z,2026-08-28T12:52:04Z,2026-09-15T18:43:32+00:00,,,unlinked,,,,,new,,
kv_cache,54363,[RFC]: Data integrity and I/O liveness for the filesystem KV offload tier,https://github.com/vllm-project/vllm/issues/54363,open,RFC,,2026-08-29T15:51:25Z,2026-09-15T14:09:42Z,2026-09-15T18:43:32+00:00,,,unlinked,,,,,new,,
kv_cache,54487,[Bug]: prefix-caching hash configuration changes deterministic repeated output,https://github.com/vllm-project/vllm/issues/54487,open,bug,,2026-08-31T02:37:10Z,2026-08-31T02:37:10Z,2026-09-15T18:43:32+00:00,,,unlinked,,,,,new,,
kv_cache,54490,[Bug]: enabling prefix caching changes deterministic repeated output,https://github.com/vllm-project/vllm/issues/54490,open,"bug, kv-cache-manager",,2026-08-31T02:41:53Z,2026-08-31T02:42:53Z,2026-09-15T18:43:32+00:00,,,unlinked,,,,,new,,
kv_cache,54567,"[Bug]: Prefix caching never hits for DeepSeek-V4-Flash on Jetson Thor (SM110) — every request cold-prefills, TTFT scales linearly with context",https://github.com/vllm-project/vllm/issues/54567,open,"deepseek, DSv4, kv-cache-manager",,2026-08-31T12:41:47Z,2026-08-31T12:41:55Z,2026-09-15T18:43:32+00:00,,,unlinked,,,,,new,,
kv_cache,54661,"[RFC]: Per-KV-cache-group prefix-cache retention, with a hit-min exemption for hit-inert EAGLE sliding-window draft groups",https://github.com/vllm-project/vllm/issues/54661,open,speculative-decoding,,2026-09-01T01:48:42Z,2026-09-08T22:01:58Z,2026-09-15T18:43:32+00:00,,,linked_partial,,,,,new,,
kv_cache,54704,[RFC]: fp8 KV cache support for Inkling on SM100-family GPUs,https://github.com/vllm-project/vllm/issues/54704,open,"quantization, inkling",,2026-09-01T05:37:30Z,2026-09-01T06:03:19Z,2026-09-15T18:43:32+00:00,,,linked_partial,,,,,new,,
kv_cache,54779,"[RFC] Bounded, restart-safe capacity management for the filesystem KV offload tier",https://github.com/vllm-project/vllm/issues/54779,open,,,2026-09-01T13:52:27Z,2026-09-01T14:21:23Z,2026-09-15T18:43:32+00:00,,,linked_partial,,,,,new,,
kv_cache,54877,"[Bug]: padded KV page reshape uses a spec-page stride against a kernel-block size, so as_strided over-requests storage by the split ratio",https://github.com/vllm-project/vllm/issues/54877,open,kimi,,2026-09-02T03:19:29Z,2026-09-04T06:47:05Z,2026-09-15T18:43:32+00:00,,,unlinked,,,,,new,,
kv_cache,55428,"[Bug]: KV cache offload crash-loops under NVIDIA Confidential Computing (TDX guest, H200 CC-On): cudaHostRegister is not allowed in CC mode (documented), and every built-in offload path depends on it",https://github.com/vllm-project/vllm/issues/55428,open,nvidia,,2026-09-05T05:22:32Z,2026-09-05T12:42:38Z,2026-09-15T18:43:32+00:00,,,unlinked,,,,,new,,
kv_cache,55697,[RFC]: Application-Directed Prefix Checkpoints for Mamba / Hybrid Prefix Caching,https://github.com/vllm-project/vllm/issues/55697,open,kv-cache-manager,,2026-09-07T09:42:07Z,2026-09-09T03:06:45Z,2026-09-15T18:43:32+00:00,,,linked_partial,,,,,new,,
kv_cache,55922,Qwen3.8-Flash-Next optimizations tracking issue,https://github.com/vllm-project/vllm/issues/55922,open,qwen,,2026-09-08T15:03:33Z,2026-09-10T12:31:37Z,2026-09-15T18:43:32+00:00,,,unlinked,,,,,new,,
kv_cache,56402,[RFC]: Efficient Routed-Expert Replay with Prefix Omission and KV Cache Offloading,https://github.com/vllm-project/vllm/issues/56402,open,RFC,,2026-09-11T05:31:03Z,2026-09-15T16:03:46Z,2026-09-15T18:43:32+00:00,,,unlinked,,,,,new,,
kv_cache,56701,[RFC][KV Offload]: Align sliding-window restore coverage with MTP-retained history,https://github.com/vllm-project/vllm/issues/56701,open,,,2026-09-13T12:59:53Z,2026-09-13T12:59:53Z,2026-09-15T18:43:32+00:00,,,linked_partial,,,,,new,,
kv_cache,56795,[Bug]: Native KV offload advances next_stored_block_idx for every KV group when no keys were stored,https://github.com/vllm-project/vllm/issues/56795,open,,,2026-09-14T09:08:16Z,2026-09-14T22:55:32Z,2026-09-15T18:43:32+00:00,,,unlinked,,,,,new,,
model_family_deepseek_v4,40802,"[Feature]: Deepseek V4 cannot run ,Please support SM120 GPU,example rtx5090  rtxpro6000",https://github.com/vllm-project/vllm/issues/40802,open,"feature request, DSv4",,2026-04-24T11:23:37Z,2026-07-19T02:47:45Z,2026-09-15T18:43:32+00:00,,,unlinked,,,,,triage,,
model_family_deepseek_v4,40952,[Bug]: Running DeepSeek-V4 fails with  CUDA error: unspecified launch failure  in  synchronize_input_prep,https://github.com/vllm-project/vllm/issues/40952,open,"bug, unstale, DSv4",,2026-04-27T02:12:23Z,2026-07-29T02:16:07Z,2026-09-15T18:43:32+00:00,,,unlinked,,,,,new,,
model_family_deepseek_v4,41331,[Bug]: Garbled Output in DeepSeek-V4 with CUDA Graph Enabled Under Concurrent Identical Input Requests,https://github.com/vllm-project/vllm/issues/41331,open,bug,,2026-04-30T03:47:22Z,2026-08-14T04:58:43Z,2026-09-15T18:43:32+00:00,,,unlinked,,deepseek_v4/cuda graphs concurrency,high,medium,triage,,Compare cudagraph modes and sparse MLA metadata replay
model_family_deepseek_v4,42229,[Bug]:  ValueError: GGUF model with architecture deepseek2 is not supported yet.,https://github.com/vllm-project/vllm/issues/42229,open,"bug, unstale",,2026-05-10T13:06:44Z,2026-08-12T02:14:18Z,2026-09-15T18:43:32+00:00,,,unlinked,,,,,new,,
model_family_deepseek_v4,45475,[Bug]: `cudaErrorLaunchFailure` in worker under concurrent native KV offloading with DeepSeek-V4-Flash (frequency depends on kv-cache dtype),https://github.com/vllm-project/vllm/issues/45475,open,,,2026-06-12T23:23:06Z,2026-06-15T07:29:37Z,2026-09-15T18:43:32+00:00,,,unlinked,,,,,new,,
model_family_deepseek_v4,46796,"[Bug]: DeepSeek-V4-Flash fails to start on B300 (SM100) — DeepGEMM sm100_tf32_hc_prenorm_gemm kernel launch fails (invalid argument on CUDA 13, invalid configuration argument on CUDA 12.9)",https://github.com/vllm-project/vllm/issues/46796,open,,,2026-06-26T05:51:32Z,2026-07-01T01:58:29Z,2026-09-15T18:43:32+00:00,,,unlinked,,,,,new,,
model_family_deepseek_v4,48054,"[Bug]: DeepSeek-V4 sparse-SWA decode passes flashinfer 0.6.14-only kwargs, but the pin is 0.6.13",https://github.com/vllm-project/vllm/issues/48054,open,,,2026-07-08T22:49:40Z,2026-07-16T02:51:53Z,2026-09-15T18:43:32+00:00,,,unlinked,,,,,new,,
model_family_deepseek_v4,48077,[Usage]: Does it support the deployment of P node TEP and D node DEP modes,https://github.com/vllm-project/vllm/issues/48077,open,usage,,2026-07-09T05:16:57Z,2026-07-09T05:38:08Z,2026-09-15T18:43:32+00:00,,,unlinked,,,,,new,,
model_family_deepseek_v4,48465,[Bug]: deepseek-v4-pro-dspark --max-num-batched-tokens 16384 no use,https://github.com/vllm-project/vllm/issues/48465,open,bug,,2026-07-13T05:53:38Z,2026-07-13T06:05:41Z,2026-09-15T18:43:32+00:00,,,unlinked,,,,,new,,
model_family_deepseek_v4,48466,[Bug]: deepseek-v4-pro with --max-num-batched-tokens 16384  custom-all-reduce failed,https://github.com/vllm-project/vllm/issues/48466,open,bug,,2026-07-13T05:57:44Z,2026-07-16T15:57:39Z,2026-09-15T18:43:32+00:00,,,unlinked,,,,,new,,
model_family_deepseek_v4,48602,[Bug]: DeepSeekv4 flash on RTXpro6000 vllm benchmark input 8192 output 1024 encounter a err,https://github.com/vllm-project/vllm/issues/48602,open,bug,,2026-07-14T10:13:53Z,2026-07-15T00:35:36Z,2026-09-15T18:43:32+00:00,,,unlinked,,,,,new,,
model_family_deepseek_v4,48809,[Bug]: The Deepseek v4 model compiles kenrel during the inference process,https://github.com/vllm-project/vllm/issues/48809,open,bug,,2026-07-16T03:58:08Z,2026-07-16T05:55:40Z,2026-09-15T18:43:32+00:00,,,unlinked,,,,,new,,
model_family_deepseek_v4,49369,"[Usage]: DSpark much slower than no-spec on single B300 (DeepSeek-V4-Flash) — config check, or not effective on a saturated batch yet?",https://github.com/vllm-project/vllm/issues/49369,open,,,2026-07-21T20:47:54Z,2026-07-29T02:34:44Z,2026-09-15T18:43:32+00:00,,,unlinked,,,,,new,,
model_family_deepseek_v4,49370,"[Usage]: DeepSeek-V4-Flash on single B300 — auto-enabled VLLM_USE_BREAKABLE_CUDAGRAPH caps throughput (disabling gives ~1.6x); is it safe, and is torch.compile support planned?",https://github.com/vllm-project/vllm/issues/49370,open,,,2026-07-21T20:54:13Z,2026-07-29T02:34:53Z,2026-09-15T18:43:32+00:00,,,unlinked,,,,,new,,
model_family_deepseek_v4,49922,[Bug]: [Regression] Assertion res == CUresult::CUDA_SUCCESS failed in FlashMLA (phase1.cuh) for DeepSeek-V4 on v0.26.0 (Works in v0.25.0),https://github.com/vllm-project/vllm/issues/49922,open,bug,,2026-07-27T01:40:09Z,2026-08-30T16:53:11Z,2026-09-15T18:43:32+00:00,,,unlinked,,,,,new,,
model_family_deepseek_v4,50774,"[Bug]: FLASHMLA_SPARSE_DSV4 backend crashes with ""swa_metadata missing tile_sched entry for compress_ratio=1"" on DeepSeek-V4-Flash-0731",https://github.com/vllm-project/vllm/issues/50774,open,,,2026-08-02T21:32:12Z,2026-08-07T17:16:15Z,2026-09-15T18:43:32+00:00,,,unlinked,,,,,new,,
model_family_deepseek_v4,51521,DeepSeek-V4 (deepseek_v4): fused topk_softplus_sqrt router rejects non-standard expert counts on CUDA (REAP 144-expert ckpts); torch fallback is XPU-gated,https://github.com/vllm-project/vllm/issues/51521,open,,,2026-08-08T21:32:11Z,2026-08-08T21:32:11Z,2026-09-15T18:43:32+00:00,,,unlinked,,,,,new,,
model_family_deepseek_v4,51651,[Bug]: Missing `reasoning` on Some Turns in Multi-Turn Tool-Calling (DeepSeek-V4-Flash-0731),https://github.com/vllm-project/vllm/issues/51651,open,"bug, tool-calling",,2026-08-10T09:41:18Z,2026-08-31T23:36:59Z,2026-09-15T18:43:32+00:00,,,unlinked,,,,,new,,
model_family_deepseek_v4,51799,[Bug]: DeepSeek-V4-Flash-0731 shows severe 1M KV concurrency regression on B300 (27.08x preview vs 7.73x 0731 + DSpark),https://github.com/vllm-project/vllm/issues/51799,open,,,2026-08-11T10:02:08Z,2026-08-12T09:32:45Z,2026-09-15T18:43:32+00:00,,,unlinked,,,,,new,,
model_family_deepseek_v4,51822,[Bug]: deepseek-v4-flash-0731 use vllm 0.27.0 run error,https://github.com/vllm-project/vllm/issues/51822,open,bug,,2026-08-11T13:14:20Z,2026-08-11T13:14:20Z,2026-09-15T18:43:32+00:00,,,unlinked,,,,,new,,
model_family_deepseek_v4,52447,[Feature]: Support NVFP4 DeepSeek-V4-Flash-0731 with FP4 KV cache + DSpark speculative decoding on SM121 (DGX Spark),https://github.com/vllm-project/vllm/issues/52447,open,"feature request, quantization",,2026-08-15T13:03:51Z,2026-08-16T12:42:22Z,2026-09-15T18:43:32+00:00,,,unlinked,,,,,new,,
model_family_deepseek_v4,53257,"[Bug] DeepSeek-V4-Flash: non-deterministic output at temperature=0, rate scales with concurrency",https://github.com/vllm-project/vllm/issues/53257,open,"deepseek, DSv4",,2026-08-21T11:57:39Z,2026-09-07T04:06:22Z,2026-09-15T18:43:32+00:00,,,unlinked,,,,,new,,
model_family_deepseek_v4,53320,[Bug]: DeepSeek-V4-Flash crashes at startup on 8x H20 (SM90) with v0.27.1 — Engine core initialization failed,https://github.com/vllm-project/vllm/issues/53320,open,"deepseek, quantization, DSv4",,2026-08-21T21:17:29Z,2026-08-24T09:33:26Z,2026-09-15T18:43:32+00:00,,,unlinked,,,,,new,,
model_family_deepseek_v4,53455,[Feature]: Optional torch.compile support for NVIDIA DeepSeek-V4,https://github.com/vllm-project/vllm/issues/53455,open,"torch.compile, deepseek, nvidia, DSv4",,2026-08-23T11:16:12Z,2026-09-08T23:22:34Z,2026-09-15T18:43:32+00:00,,,unlinked,,,,,new,,
model_family_deepseek_v4,53459,[Perf] Indexer score GEMM uses fp32 accumulate on DeepSeek-V4; bf16 may be sufficient,https://github.com/vllm-project/vllm/issues/53459,open,"performance, deepseek, DSv4",,2026-08-23T12:16:40Z,2026-08-23T21:18:59Z,2026-09-15T18:43:32+00:00,,,unlinked,,,,,new,,
model_family_gemma4,39071,[Bug]: Gemma 4 31B Structured Outputs weird behaviour / character output - might be a quick solve,https://github.com/vllm-project/vllm/issues/39071,open,"bug, structured-output",,2026-04-06T08:57:28Z,2026-08-31T23:26:40Z,2026-09-15T18:43:32+00:00,,,unlinked,,,,,new,,
model_family_gemma4,39392,[Bug]: Gemma4 tool-call-parser produces <pad> tokens under concurrent requests,https://github.com/vllm-project/vllm/issues/39392,open,"bug, unstale, tool-calling",,2026-04-09T06:56:12Z,2026-08-31T23:45:01Z,2026-09-15T18:43:32+00:00,,,unlinked,,gemma4/tool parser concurrency,high,medium,triage,,Read Gemma4ToolParser state handling and reproduce concurrent tool calls
model_family_gemma4,39595,[Bug]: Gemma 4 26B MoE NVFP4 fails under tensor-parallel-size 2 across all available MoE backends,https://github.com/vllm-project/vllm/issues/39595,open,"bug, unstale",,2026-04-12T01:28:22Z,2026-07-13T02:15:48Z,2026-09-15T18:43:32+00:00,,,unlinked,,,,,new,,
model_family_gemma4,42390,[Bug]: Gemma-4 MoE Initialization Hang and Segfault,https://github.com/vllm-project/vllm/issues/42390,open,bug,,2026-05-12T07:51:04Z,2026-07-06T14:24:00Z,2026-09-15T18:43:32+00:00,,,unlinked,,,,,new,,
model_family_gemma4,43726,[New Model]: Gemma4ForSequenceClassification,https://github.com/vllm-project/vllm/issues/43726,open,,,2026-05-27T01:05:35Z,2026-08-20T08:58:31Z,2026-09-15T18:43:32+00:00,,,unlinked,,,,,new,,
model_family_gemma4,48327,[Bug]: Gibberish output with VLLM_XPU_ENABLE_XPU_GRAPH=1 on 2x Intel Arc Pro B70 Battlemage GPU,https://github.com/vllm-project/vllm/issues/48327,open,"bug, intel-gpu",,2026-07-11T09:19:42Z,2026-07-22T07:35:19Z,2026-09-15T18:43:32+00:00,,,unlinked,,,,,new,,
model_family_gemma4,48744,[Bug]: Gemma-4-26B-A4B-it MoE fails to deploy on XPU backend (vLLM v0.21.0),https://github.com/vllm-project/vllm/issues/48744,open,"bug, intel-gpu",,2026-07-15T14:51:16Z,2026-08-11T05:35:37Z,2026-09-15T18:43:32+00:00,,,unlinked,,,,,new,,
model_family_gemma4,49475,[Bug]: Failed to run RedHatAI/gemma-4-31B-it-speculator.dspark,https://github.com/vllm-project/vllm/issues/49475,open,bug,,2026-07-22T17:51:38Z,2026-07-31T14:01:45Z,2026-09-15T18:43:32+00:00,,,unlinked,,,,,new,,
model_family_gemma4,49878,[Bug]: Dramatic KV cache size increase (~40%) for Gemma4 from v0.25.1 to v0.26,https://github.com/vllm-project/vllm/issues/49878,open,"bug, quantization",,2026-07-26T13:07:45Z,2026-08-31T13:49:46Z,2026-09-15T18:43:32+00:00,,,unlinked,,,,,new,,
model_family_gemma4,50889,[Bug]: Gemma4 tool parser (non-streaming): finish_reason=tool_calls with empty tool_calls array — model's move silently lost under concurrent load,https://github.com/vllm-project/vllm/issues/50889,open,tool-calling,,2026-08-03T16:12:58Z,2026-08-31T23:37:37Z,2026-09-15T18:43:32+00:00,,,unlinked,,,,,new,,
model_family_gemma4,51744,[Bug]: vllm/vllm-openai:latest fails to start Gemma4 with Transformers 5.15.0,https://github.com/vllm-project/vllm/issues/51744,open,bug,,2026-08-11T00:42:58Z,2026-08-28T08:54:26Z,2026-09-15T18:43:32+00:00,,,unlinked,,,,,new,,
model_family_gemma4,53836,[Bug]: NVIDIA DGX Spark vllms and gemma 4 26B won't work,https://github.com/vllm-project/vllm/issues/53836,open,"bug, nvidia",,2026-08-26T05:01:35Z,2026-08-27T04:51:32Z,2026-09-15T18:43:32+00:00,,,unlinked,,,,,new,,
model_family_gemma4,54926,"[Bug]: Gemma 4 MTP + NIXL PD disaggregation — draft model KV not transferred, MTP ineffective",https://github.com/vllm-project/vllm/issues/54926,open,"speculative-decoding, kv-connector",,2026-09-02T08:28:18Z,2026-09-02T08:41:52Z,2026-09-15T18:43:32+00:00,,,unlinked,,,,,new,,
model_family_gemma4,55649,[Bug]: NVFP4 gated-MoE end-padding silently corrupts Gemma-4-26B at TP2 on B200 (SM100),https://github.com/vllm-project/vllm/issues/55649,open,,,2026-09-07T04:33:51Z,2026-09-10T11:34:13Z,2026-09-15T18:43:32+00:00,,,unlinked,,,,,new,,
model_family_gemma4,56712,"[Bug]: DiffusionGemma image input crashes the EngineCore — borrowed Gemma4 methods read `_enable_mm_lora`, which DiffusionGemma never sets",https://github.com/vllm-project/vllm/issues/56712,open,multi-modality,,2026-09-13T16:48:48Z,2026-09-13T22:47:45Z,2026-09-15T18:43:32+00:00,,,unlinked,,,,,new,,
model_family_gpt_oss,-2826204,[Subissue #28262.4] Other types of tool related input types should be on the analysis channel,https://github.com/vllm-project/vllm/issues/28262,closed,"rfc-subissue, gpt-oss, harmony",,2025-11-07T02:51:56Z,2026-05-22T02:21:56Z,2026-09-15T18:43:32+00:00,,,unlinked,,gpt-oss/responses api harmony,high,medium,triage,,Likely least covered by open PRs; audit non-function tool input channel mapping in serving_responses.py and harmony_utils.py
model_family_gpt_oss,-2826203,[Subissue #28262.3] Input items which are FunctionCallOutput should be set to be on the commentary channel,https://github.com/vllm-project/vllm/issues/28262,closed,"rfc-subissue, gpt-oss, harmony",,2025-11-07T02:51:56Z,2026-05-22T02:21:56Z,2026-09-15T18:43:32+00:00,,,unlinked,,gpt-oss/responses api harmony,high,medium,triage,,Check PR #28355 and #35907 coverage before reproducing this slice
model_family_gpt_oss,-2826202,[Subissue #28262.2] Set the content_type for function tools to be `<|constrain|>json` always,https://github.com/vllm-project/vllm/issues/28262,closed,"rfc-subissue, gpt-oss, harmony",,2025-11-07T02:51:56Z,2026-05-22T02:21:56Z,2026-09-15T18:43:32+00:00,,,unlinked,,gpt-oss/responses api harmony,high,medium,triage,,Check PR #28355 and #35907 coverage before reproducing this slice
model_family_gpt_oss,-2826201,[Subissue #28262.1] A reasoning message should use the channel of the message that follows it. For example:,https://github.com/vllm-project/vllm/issues/28262,closed,"rfc-subissue, gpt-oss, harmony",,2025-11-07T02:51:56Z,2026-05-22T02:21:56Z,2026-09-15T18:43:32+00:00,,,unlinked,,gpt-oss/responses api harmony,high,medium,triage,,Check PR #28355 and #35907 coverage before reproducing this slice
model_family_gpt_oss,38976,[Bug]:TimeoutError: RPC call to sample_tokens timed out. when pp is on under xpu env,https://github.com/vllm-project/vllm/issues/38976,open,"bug, intel-gpu, unstale",,2026-04-04T10:25:39Z,2026-08-11T05:38:10Z,2026-09-15T18:43:32+00:00,,,unlinked,,,,,new,,
model_family_gpt_oss,52051,[Bug]: gpt-oss-120b MXFP4 + --enable-expert-parallel crashes at startup: modular MoE finalize allocates padded (3072) output for an unpadded (2880) expert result,https://github.com/vllm-project/vllm/issues/52051,open,quantization,,2026-08-12T21:33:42Z,2026-08-12T21:33:59Z,2026-09-15T18:43:32+00:00,,,unlinked,,,,,new,,
moe,20323,[RFC]: Elastic Expert Parallelism,https://github.com/vllm-project/vllm/issues/20323,open,"RFC, keep-open",,2025-07-01T16:28:25Z,2026-06-09T10:09:28Z,2026-09-15T18:43:32+00:00,,,unlinked,,,,,new,,
moe,30696,[RFC]: Per-instance EPLB metrics,https://github.com/vllm-project/vllm/issues/30696,open,feature request,,2025-12-15T14:27:21Z,2026-07-27T09:21:48Z,2026-09-15T18:43:32+00:00,,,linked_partial,,,,,new,,
moe,31671,[RFC]: Integrate omni-ai-npu/omni-infer's Topology-Aware Placement and Execution Optimizations into vLLM EPLB,https://github.com/vllm-project/vllm/issues/31671,open,"RFC, unstale",,2026-01-04T07:47:06Z,2026-09-15T01:45:46Z,2026-09-15T18:43:32+00:00,,,linked_partial,,,,,new,,
moe,43750,"[Bug]: [XPU] compressed-tensors WNA16 MoE selector ignores XPU platform, crashes on Marlin path",https://github.com/vllm-project/vllm/issues/43750,open,"bug, intel-gpu",,2026-05-27T05:51:40Z,2026-07-01T07:56:46Z,2026-09-15T18:43:32+00:00,,,unlinked,,,,,new,,
moe,44806,[Bug]: Qwen3.5 397B NVFP4 DEP8 mixed prefill-decode step 6x times longer than decode-only step,https://github.com/vllm-project/vllm/issues/44806,open,bug,,2026-06-07T19:55:35Z,2026-07-04T11:47:19Z,2026-09-15T18:43:32+00:00,,,unlinked,,,,,new,,
moe,45154,[Rust Frontend][RFC]: Elastic Expert Parallel support,https://github.com/vllm-project/vllm/issues/45154,open,RFC,,2026-06-10T12:43:39Z,2026-06-29T08:59:27Z,2026-09-15T18:43:32+00:00,,,linked_partial,,,,,new,,
moe,46295,[RFC]: Adaptive Speculation Depth for MoE Models via Per-Iteration Utility Budgeting,https://github.com/vllm-project/vllm/issues/46295,open,RFC,,2026-06-21T17:02:56Z,2026-06-21T17:03:11Z,2026-09-15T18:43:32+00:00,,,unlinked,,,,,new,,
moe,46509,[Bug]: Unclean shutdown on DeepEP timeout during startup causes hung processes,https://github.com/vllm-project/vllm/issues/46509,open,bug,,2026-06-23T15:02:51Z,2026-06-23T18:55:21Z,2026-09-15T18:43:32+00:00,,,unlinked,,,,,new,,
moe,46745,[Bug]: No clamp-capable batched NVFP4 fused-MoE backend → DeepEP / wide-EP unusable for MiniMax-M3 NVFP4,https://github.com/vllm-project/vllm/issues/46745,open,,,2026-06-25T17:24:38Z,2026-06-27T20:52:04Z,2026-09-15T18:43:32+00:00,,,unlinked,,,,,new,,
moe,47334,[RFC]: Port vLLM-built Hopper and Blackwell C++ CUDA kernels to CuTeDSL,https://github.com/vllm-project/vllm/issues/47334,open,RFC,,2026-07-01T20:10:56Z,2026-07-02T15:16:56Z,2026-09-15T18:43:32+00:00,,,linked_partial,,,,,new,,
moe,48297,[RFC] LoRA Adapter Lifecycle for RL Training,https://github.com/vllm-project/vllm/issues/48297,open,"RFC, rl",,2026-07-11T01:28:02Z,2026-08-18T00:58:03Z,2026-09-15T18:43:32+00:00,,,unlinked,,,,,new,,
moe,48305,[RFC] Training-Inference Consistency for RL,https://github.com/vllm-project/vllm/issues/48305,open,"RFC, rl",,2026-07-11T02:18:42Z,2026-07-13T08:50:02Z,2026-09-15T18:43:32+00:00,,,unlinked,,,,,new,,
moe,49638,NVFP4 fused-expert scales dropped in Qwen3_5_VL_MoE weight_loader (qwen3_5_vl_moe),https://github.com/vllm-project/vllm/issues/49638,open,quantization,,2026-07-23T19:54:01Z,2026-07-29T02:56:21Z,2026-09-15T18:43:32+00:00,,,unlinked,,,,,new,,
moe,49702,[RFC]: Expose narrow EPLB extension hooks for out-of-tree accelerators,https://github.com/vllm-project/vllm/issues/49702,open,quantization,,2026-07-24T09:44:26Z,2026-09-15T07:12:47Z,2026-09-15T18:43:32+00:00,,,linked_partial,,,,,new,,
moe,49705,[RFC]: Support router-driven mixtures of multiple LoRA adapters,https://github.com/vllm-project/vllm/issues/49705,open,RFC,,2026-07-24T09:59:37Z,2026-07-29T02:57:50Z,2026-09-15T18:43:32+00:00,,,linked_partial,,,,,new,,
moe,50772,[Bug]: --load_format fastsafetensors produces corrupted/incoherent generation for DeepSeek-V4-Flash-0731 with TP+EP (works with default loader),https://github.com/vllm-project/vllm/issues/50772,open,quantization,,2026-08-02T21:31:56Z,2026-08-02T21:32:10Z,2026-09-15T18:43:32+00:00,,,unlinked,,,,,new,,
moe,51005,[RFC]: Let Platforms customize fused MoE Router construction,https://github.com/vllm-project/vllm/issues/51005,open,,,2026-08-04T09:23:20Z,2026-09-15T07:13:15Z,2026-09-15T18:43:32+00:00,,,linked_partial,,,,,new,,
moe,51214,[RFC]: ARK H2 Upstream Roadmap for vLLM INC Path XPU Inference,https://github.com/vllm-project/vllm/issues/51214,open,"RFC, quantization",,2026-08-06T01:28:37Z,2026-09-11T06:39:25Z,2026-09-15T18:43:32+00:00,,,unlinked,,,,,new,,
moe,52203,[Bug]: All GPTQ checkpoints fail with UR_RESULT_ERROR_DEVICE_LOST on Intel Arc B60 (XPU) at profile_run,https://github.com/vllm-project/vllm/issues/52203,open,"intel-gpu, quantization",,2026-08-13T18:37:07Z,2026-08-13T20:11:35Z,2026-09-15T18:43:32+00:00,,,unlinked,,,,,new,,
moe,53286,[New Model]: TR-HASH deterministic token-routed MoE,https://github.com/vllm-project/vllm/issues/53286,open,quantization,,2026-08-21T15:33:11Z,2026-08-21T15:33:21Z,2026-09-15T18:43:32+00:00,,,unlinked,,,,,new,,
moe,53933,[RFC]: Elastic EP support in Model Runner V2,https://github.com/vllm-project/vllm/issues/53933,open,,,2026-08-26T18:43:40Z,2026-08-31T19:55:29Z,2026-09-15T18:43:32+00:00,,,unlinked,,,,,new,,
moe,54318,[Bug]: Qwen3.8-Flash-Next-FP8 fails to start on 4x NVIDIA A100 due to fp8e4nv unsupported in SM80,https://github.com/vllm-project/vllm/issues/54318,open,"bug, nvidia",,2026-08-29T06:14:13Z,2026-09-07T12:03:52Z,2026-09-15T18:43:32+00:00,,,unlinked,,,,,new,,
moe,54763,[Perf] Qwen3-Next MoE: gate and shared_expert_gate are two separate ReplicatedLinear over the same input,https://github.com/vllm-project/vllm/issues/54763,open,,,2026-09-01T12:00:22Z,2026-09-02T08:20:41Z,2026-09-15T18:43:32+00:00,,,unlinked,,,,,new,,
moe,55339,[RFC]: Unify ModelOpt MoE methods (mirror of #49381),https://github.com/vllm-project/vllm/issues/55339,open,"RFC, quantization",,2026-09-04T13:25:55Z,2026-09-09T03:43:39Z,2026-09-15T18:43:32+00:00,,,linked_partial,,,,,new,,
moe,55421,"[RFC] RL Test Consolidation: File Ownership, Coverage Docstrings, and CI Integration",https://github.com/vllm-project/vllm/issues/55421,open,quantization,,2026-09-05T02:18:46Z,2026-09-08T01:17:32Z,2026-09-15T18:43:32+00:00,,,linked_partial,,,,,new,,
moe,55560,"[Bug]: CPU MoE kernel produces NaN logits under torch.compile for Qwen3_5MoeForConditionalGeneration — reproduces with AND without GPTQ-Int4 quantization, fixed by --enforce-eager",https://github.com/vllm-project/vllm/issues/55560,open,"torch.compile, quantization",,2026-09-06T09:18:05Z,2026-09-06T13:33:19Z,2026-09-15T18:43:32+00:00,,,unlinked,,,,,new,,
moe,56133,[RFC]: Runtime prefill/decode role switching for EP groups,https://github.com/vllm-project/vllm/issues/56133,open,,,2026-09-09T18:19:27Z,2026-09-15T12:52:57Z,2026-09-15T18:43:32+00:00,,,linked_partial,,,,,new,,
moe,56281,[Bug]: DeepSeek V4 Flash 0731 served with Data Parallel (DP > 1) + Expert Parallel + DSpark speculative decoding on v0.29.0 fails to start with Engine failing to start during `profile_run` with an `AssertionError` in `DPMetadata.make()`.,https://github.com/vllm-project/vllm/issues/56281,open,"bug, speculative-decoding, deepseek",,2026-09-10T14:25:58Z,2026-09-10T20:44:44Z,2026-09-15T18:43:32+00:00,,,unlinked,,,,,new,,
moe,56745,[RFC]: Return `routed_experts` on the terminal streaming chunk,https://github.com/vllm-project/vllm/issues/56745,open,RFC,,2026-09-14T02:33:36Z,2026-09-14T10:47:46Z,2026-09-15T18:43:32+00:00,,,unlinked,,,,,new,,
moe,56887,[Bug]: moe_wna16_gemm (csrc/libtorch_stable/moe/moe_wna16.cu) is not run-to-run deterministic: split-K partial sums are combined with 16-bit atomicAdd,https://github.com/vllm-project/vllm/issues/56887,open,quantization,,2026-09-14T19:45:49Z,2026-09-14T19:51:06Z,2026-09-15T18:43:32+00:00,,,unlinked,,,,,new,,
multimodal_input_processing,28467,"[Bug]: Persistent CPU RAM Growth and Container Restarts with QWEN2-2B on SageMaker, Unaffected by Cache Settings",https://github.com/vllm-project/vllm/issues/28467,open,"bug, unstale",,2025-11-11T14:15:13Z,2026-07-02T02:18:31Z,2026-09-15T18:43:32+00:00,,,unlinked,,,,,new,,
multimodal_input_processing,30839,[RFC]: Enabling Zero-Copy Video with PyNvVideoCodec and IPC,https://github.com/vllm-project/vllm/issues/30839,open,"RFC, keep-open",,2025-12-17T04:46:59Z,2026-06-12T02:49:50Z,2026-09-15T18:43:32+00:00,,,unlinked,,,,,new,,
multimodal_input_processing,32685,[Feature]: Support multi-modal inputs for OpenAI Response API,https://github.com/vllm-project/vllm/issues/32685,open,"feature request, unstale",,2026-01-20T15:26:51Z,2026-07-16T02:16:24Z,2026-09-15T18:43:32+00:00,,,unlinked,,,,,new,,
multimodal_input_processing,43634,[RFC]:Sequence Parallelism (SP) for Vision Transformers (ViT) in VLM Inference,https://github.com/vllm-project/vllm/issues/43634,open,RFC,,2026-05-26T03:06:50Z,2026-06-23T07:45:08Z,2026-09-15T18:43:32+00:00,,,unlinked,,,,,new,,
multimodal_input_processing,45098,[RFC]: Image Token Pruning for Multimodal Models,https://github.com/vllm-project/vllm/issues/45098,open,"RFC, multi-modality",,2026-06-10T03:16:10Z,2026-06-18T03:41:43Z,2026-09-15T18:43:32+00:00,,,unlinked,,,,,new,,
multimodal_input_processing,45771,[RFC]: Enable connector LoRA for audio multimodal models — convert nn.Linear projectors to vLLM-native linears,https://github.com/vllm-project/vllm/issues/45771,open,,,2026-06-16T04:26:52Z,2026-06-22T11:40:35Z,2026-09-15T18:43:32+00:00,,,unlinked,,,,,new,,
multimodal_input_processing,46268,"[Bug]: ModelOpt NVFP4 checkpoint causes fixed ~52 GiB CPU RAM allocation, OOM on 64GB system even for 0.8B model",https://github.com/vllm-project/vllm/issues/46268,open,,,2026-06-21T05:02:12Z,2026-08-26T12:57:25Z,2026-09-15T18:43:32+00:00,,,unlinked,,,,,new,,
multimodal_input_processing,47026,[Bug]: Gemma4ForConditionalGeneration + runtime LoRA greedy decode diverges from HuggingFace transformers on text-only prompts,https://github.com/vllm-project/vllm/issues/47026,open,bug,,2026-06-29T09:39:51Z,2026-07-03T06:32:12Z,2026-09-15T18:43:32+00:00,,,unlinked,,,,,new,,
multimodal_input_processing,47425,[Performance]: Logprob divergence between vLLM and transformers on a fine-tuned Qwen3.5-VL mobile-use model,https://github.com/vllm-project/vllm/issues/47425,open,performance,,2026-07-02T10:50:14Z,2026-07-29T03:05:25Z,2026-09-15T18:43:32+00:00,,,unlinked,,,,,new,,
multimodal_input_processing,47788,"[Bug]: Qwen3-Omni use_audio_in_video via --mm-processor-kwargs is broken in online serving: engine crash at startup, audio silently never fed, interleave placeholder/mRoPE errors",https://github.com/vllm-project/vllm/issues/47788,open,,,2026-07-07T00:52:01Z,2026-07-07T00:52:01Z,2026-09-15T18:43:32+00:00,,,unlinked,,,,,new,,
multimodal_input_processing,48035,"[Performance]: Official FP8 checkpoint ~40% slower at bs=1 than runtime fp8 quant of same model (Qwen3-4B, RTX 4090, v0.24.0)",https://github.com/vllm-project/vllm/issues/48035,open,,,2026-07-08T18:54:58Z,2026-08-22T12:19:31Z,2026-09-15T18:43:32+00:00,,,unlinked,,,,,new,,
multimodal_input_processing,48395,[Bug]: can not start vllm 0.25.0 natively in jetson agx orin 64G jetpack 6.2.2,https://github.com/vllm-project/vllm/issues/48395,open,bug,,2026-07-12T09:40:21Z,2026-07-16T09:00:14Z,2026-09-15T18:43:32+00:00,,,unlinked,,,,,new,,
multimodal_input_processing,49546,[Bug]: VLLM_MARLIN_INPUT_DTYPE=fp8 (Marlin W4A8-FP8) silently corrupts output on GB10/sm_121a — WNA16 INT4 MoE emits repeated </think> loop at temp 0 (kernel runs ~2.5% faster),https://github.com/vllm-project/vllm/issues/49546,open,"tool-calling, quantization",,2026-07-23T07:21:48Z,2026-09-12T04:47:38Z,2026-09-15T18:43:32+00:00,,,unlinked,,,,,new,,
multimodal_input_processing,50602,[Bug]: LoRA linear path (lora_shrink/lora_expand) nondeterministic in serving; only an fp32-eager interior is stable — full elimination matrix,https://github.com/vllm-project/vllm/issues/50602,open,quantization,,2026-07-31T17:12:17Z,2026-08-01T08:06:02Z,2026-09-15T18:43:32+00:00,,,unlinked,,,,,new,,
multimodal_input_processing,51454,"[Performance] DP8 vs TP8 for single-KV-head MLA: 7.7x KV, 3.4x faster 1M TTFT at c=8 (DeepSeek-V4-Flash-0731, 8x B200, vLLM v0.25.0)",https://github.com/vllm-project/vllm/issues/51454,open,"deepseek, DSv4",,2026-08-07T21:39:50Z,2026-08-22T20:57:23Z,2026-09-15T18:43:32+00:00,,,unlinked,,,,,new,,
multimodal_input_processing,51497,[New Model]: nvidia/LocateAnything-3B (slow autoregressive mode first),https://github.com/vllm-project/vllm/issues/51497,open,,,2026-08-08T10:23:41Z,2026-08-20T08:58:24Z,2026-09-15T18:43:32+00:00,,,unlinked,,,,,new,,
multimodal_input_processing,51948,[RFC]: Bounded-memory video sessions — KV retention for long-running streaming-input requests,https://github.com/vllm-project/vllm/issues/51948,open,RFC,,2026-08-12T07:51:41Z,2026-08-26T13:26:25Z,2026-09-15T18:43:32+00:00,,,linked_partial,,,,,new,,
multimodal_input_processing,54060,[Usage]: Qwen3-Omni-30B-A3B-Instruct input tokens doubled,https://github.com/vllm-project/vllm/issues/54060,open,usage,,2026-08-27T14:16:26Z,2026-08-27T14:16:26Z,2026-09-15T18:43:32+00:00,,,unlinked,,,,,new,,
multimodal_input_processing,54629,[Bug] Qwen3.8-Flash-Next: repeated >100k-token prefills hang a worker GPU stream on GB10 (sm121) at TP4+EP,https://github.com/vllm-project/vllm/issues/54629,open,,,2026-08-31T20:23:57Z,2026-09-01T11:10:06Z,2026-09-15T18:43:32+00:00,,,unlinked,,,,,new,,
multimodal_input_processing,55639,[RFC][EPD] Avoid redundant encoder work when Prefill can reuse KV or embeddings,https://github.com/vllm-project/vllm/issues/55639,open,multi-modality,,2026-09-07T03:38:01Z,2026-09-11T11:36:35Z,2026-09-15T18:43:32+00:00,,,unlinked,,,,,new,,
multimodal_input_processing,56172,[Feature]: Lightweight vLLM Render API: Offload Heavy Multimodal Preprocessing from CPU Sidecars,https://github.com/vllm-project/vllm/issues/56172,open,"feature request, multi-modality",,2026-09-10T00:04:43Z,2026-09-10T00:04:50Z,2026-09-15T18:43:32+00:00,,,unlinked,,,,,new,,
multimodal_input_processing,56981,[Bug]:  Qwen3-ASR audio preprocessing produces different audio-token counts from Hugging Face,https://github.com/vllm-project/vllm/issues/56981,open,bug,,2026-09-15T09:07:19Z,2026-09-15T10:17:20Z,2026-09-15T18:43:32+00:00,,,unlinked,,,,,new,,
multimodal_input_processing,57038,[Bug]: truncate_prompt_tokens does not bound the final prompt after multimodal expansion,https://github.com/vllm-project/vllm/issues/57038,open,"bug, multi-modality",,2026-09-15T16:15:08Z,2026-09-15T16:36:48Z,2026-09-15T18:43:32+00:00,,,unlinked,,,,,new,,
openai_server,38488,[Bug]: `reasoning_content` silently dropped on incoming assistant messages,https://github.com/vllm-project/vllm/issues/38488,open,"unstale, tool-calling",,2026-03-29T23:18:07Z,2026-09-02T01:48:02Z,2026-09-15T18:43:32+00:00,,,unlinked,,,,,new,,
openai_server,42729,[RFC]: Derender Endpoints to Provide Detokenization for Disaggregated Serving,https://github.com/vllm-project/vllm/issues/42729,open,RFC,,2026-05-15T10:17:15Z,2026-08-22T03:38:56Z,2026-09-15T18:43:32+00:00,,,linked_partial,,,,,new,,
openai_server,43999,[RFC] External post-generation classifier hook API,https://github.com/vllm-project/vllm/issues/43999,open,,,2026-05-29T16:11:22Z,2026-08-24T03:34:39Z,2026-09-15T18:43:32+00:00,,,linked_partial,,,,,new,,
openai_server,45353,[Bug]: vllm 0.22.1 metric monitor no display,https://github.com/vllm-project/vllm/issues/45353,open,bug,,2026-06-12T03:23:04Z,2026-06-24T09:52:48Z,2026-09-15T18:43:32+00:00,,,unlinked,,,,,new,,
openai_server,46562,[Feature]: Support for the OpenAI input_file content part,https://github.com/vllm-project/vllm/issues/46562,open,feature request,,2026-06-24T02:17:40Z,2026-06-29T05:21:01Z,2026-09-15T18:43:32+00:00,,,unlinked,,,,,new,,
openai_server,48049,[RFC][Feature]: First-class session id for conversation aware routing,https://github.com/vllm-project/vllm/issues/48049,open,"feature request, RFC",,2026-07-08T21:27:08Z,2026-08-21T15:15:49Z,2026-09-15T18:43:32+00:00,,,linked_partial,,,,,new,,
openai_server,49182,[Bug]: vLLM serving Qwen3.6-27B with multimodal inputs causes InternalServerError due to CUDA OOM despite sufficient GPU memory,https://github.com/vllm-project/vllm/issues/49182,open,bug,,2026-07-20T09:36:50Z,2026-07-20T09:47:39Z,2026-09-15T18:43:32+00:00,,,unlinked,,,,,new,,
openai_server,49237,"POST /wake_up fails with AttributeError: 'list' object has no attribute 'zero_' in init_fp8_kv_scales, wedging the engine (health stays green, completions hang)",https://github.com/vllm-project/vllm/issues/49237,open,,,2026-07-20T19:55:38Z,2026-08-15T01:32:11Z,2026-09-15T18:43:32+00:00,,,unlinked,,,,,new,,
openai_server,51163,"[Bug]: cache_config_info reports block_size=4 despite --block-size 256, and num_gpu_blocks × block_size ≠ kv_cache_size_tokens (DeepSeek-V4, fp8_ds_mla)",https://github.com/vllm-project/vllm/issues/51163,open,,,2026-08-05T12:36:42Z,2026-08-05T15:34:20Z,2026-09-15T18:43:32+00:00,,,unlinked,,,,,new,,
openai_server,51186,[RFC]: Adopt otel genai semantic conventions for metrics,https://github.com/vllm-project/vllm/issues/51186,open,RFC,,2026-08-05T18:11:54Z,2026-09-14T11:45:11Z,2026-09-15T18:43:32+00:00,,,unlinked,,,,,new,,
openai_server,51275,"[RFC]: Race-free port management: pick ports at bind time, publish over an existing channel",https://github.com/vllm-project/vllm/issues/51275,open,RFC,,2026-08-06T15:17:09Z,2026-08-28T02:00:51Z,2026-09-15T18:43:32+00:00,,,linked_partial,,,,,new,,
openai_server,52089,[Bug]: Continuous Host Memory Growth / Possible Memory Leak with V2 Runner on Qwen3-14B and Qwen3-Rerank-4B,https://github.com/vllm-project/vllm/issues/52089,open,bug,,2026-08-13T03:33:00Z,2026-09-07T04:39:20Z,2026-09-15T18:43:32+00:00,,,unlinked,,,,,new,,
openai_server,54200,vLLM lacks Blackwell unified-memory paging telemetry — reference mapping exists in dgx-spark-monitoring,https://github.com/vllm-project/vllm/issues/54200,open,,,2026-08-28T11:05:19Z,2026-09-14T12:27:53Z,2026-09-15T18:43:32+00:00,,,unlinked,,,,,new,,
openai_server,54947,[Usage]: vLLM did not stop generating tokens,https://github.com/vllm-project/vllm/issues/54947,open,usage,,2026-09-02T11:35:54Z,2026-09-04T00:25:34Z,2026-09-15T18:43:32+00:00,,,unlinked,,,,,new,,
openai_server,55541,[Bug]: GLM-5.3-Flash with forced tool_choice (named function) fails to converge — runs to max_tokens and returns   ▎ truncated tool_call.arguments,https://github.com/vllm-project/vllm/issues/55541,open,"bug, tool-calling, quantization, glm",,2026-09-06T05:21:55Z,2026-09-06T05:31:08Z,2026-09-15T18:43:32+00:00,,,unlinked,,,,,new,,
openai_server,56851,[RFC]: Request level text and derender output on `/inference/v1/generate`,https://github.com/vllm-project/vllm/issues/56851,open,RFC,,2026-09-14T14:55:19Z,2026-09-15T18:21:14Z,2026-09-15T18:43:32+00:00,,,unlinked,,,,,new,,
openai_server,56993,[RFC]: Split scale-out into owned components (Renderer / Frontend / Generation) with dedicated launch commands,https://github.com/vllm-project/vllm/issues/56993,open,RFC,,2026-09-15T10:14:40Z,2026-09-15T17:57:52Z,2026-09-15T18:43:32+00:00,,,unlinked,,,,,new,,
scheduler_batching,8779,vLLM's V1 Engine Architecture,https://github.com/vllm-project/vllm/issues/8779,open,"RFC, keep-open",,2024-09-24T18:25:22Z,2025-07-09T02:50:56Z,2026-09-15T18:43:32+00:00,,,linked_partial,,,,,new,,
scheduler_batching,18037,"[RFC]: Enabling Suffix Decoding, LSTM Speculator, Sequence Parallelism from Arctic Inference",https://github.com/vllm-project/vllm/issues/18037,open,"RFC, speculative-decoding, keep-open",,2025-05-13T01:25:02Z,2025-10-07T08:25:54Z,2026-09-15T18:43:32+00:00,,,unlinked,,,,,new,,
scheduler_batching,36998,[RFC]: Observation Plugin for Intercepting & Routing on Activations,https://github.com/vllm-project/vllm/issues/36998,open,RFC,,2026-03-13T18:33:43Z,2026-07-22T07:32:28Z,2026-09-15T18:43:32+00:00,,,linked_partial,,,,,new,,
scheduler_batching,38235,[Feature]: Quantization support (AWQ / GPTQ / FP8) for mistralai/Voxtral-Mini-4B-Realtime-2602,https://github.com/vllm-project/vllm/issues/38235,open,"feature request, unstale",,2026-03-26T12:56:34Z,2026-09-02T01:48:17Z,2026-09-15T18:43:32+00:00,,,unlinked,,,,,new,,
scheduler_batching,39737,[Bug]: max-num-partial-prefills failes on V1 engine start,https://github.com/vllm-project/vllm/issues/39737,open,bug,,2026-04-13T21:21:00Z,2026-08-28T07:52:18Z,2026-09-15T18:43:32+00:00,,,unlinked,,,,,new,,
scheduler_batching,40094,[Bug]: Turbo Quant keep failing TRITON_ATTN 'kv_cache_dtype not supported',https://github.com/vllm-project/vllm/issues/40094,open,bug,,2026-04-17T04:16:04Z,2026-07-18T07:51:26Z,2026-09-15T18:43:32+00:00,,,unlinked,,,,,new,,
scheduler_batching,41565,[Bug]: TurboQuant _continuation_prefill workspace allocation fails at long context — v0.20.0 regression,https://github.com/vllm-project/vllm/issues/41565,open,,,2026-05-03T17:22:27Z,2026-06-25T20:47:32Z,2026-09-15T18:43:32+00:00,,,unlinked,,,,,new,,
scheduler_batching,42770,[RFC]: Changes in vLLM Model Development,https://github.com/vllm-project/vllm/issues/42770,open,RFC,,2026-05-15T19:17:56Z,2026-07-18T10:06:45Z,2026-09-15T18:43:32+00:00,,,linked_partial,,,,,new,,
scheduler_batching,43357,"[Bug]: TurboQuant workspace locked at 3.06 MB — continuation_prefill requires 12 MB on any prompt >4096 tokens (Qwen3.6-27B NVFP4 hybrid, Blackwell SM120)",https://github.com/vllm-project/vllm/issues/43357,open,bug,,2026-05-21T20:23:18Z,2026-07-18T15:47:28Z,2026-09-15T18:43:32+00:00,,,unlinked,,,,,new,,
scheduler_batching,43382,[Bug]: Qwen3.5 397B model occurs assertion error during allocating new blocks,https://github.com/vllm-project/vllm/issues/43382,open,"bug, unstale",,2026-05-22T02:36:34Z,2026-09-01T01:49:27Z,2026-09-15T18:43:32+00:00,,,unlinked,,,,,new,,
scheduler_batching,43888,MLA: kv_b_proj.weight.dtype AttributeError on quantized ColumnParallelLinear in chunked prefill,https://github.com/vllm-project/vllm/issues/43888,open,,,2026-05-28T16:06:10Z,2026-06-26T07:06:52Z,2026-09-15T18:43:32+00:00,,,unlinked,,,,,new,,
scheduler_batching,44933,[Bug][vllm-omni] Qwen3-TTS crashes under concurrent TTS with ref_context_size mismatch,https://github.com/vllm-project/vllm/issues/44933,open,,,2026-06-08T22:25:57Z,2026-07-26T02:30:49Z,2026-09-15T18:43:32+00:00,,,unlinked,,,,,new,,
scheduler_batching,45221,[RFC]: Rollout Artifact Transfer Connector for Post-Training Workloads,https://github.com/vllm-project/vllm/issues/45221,open,RFC,,2026-06-11T04:19:23Z,2026-09-02T03:44:28Z,2026-09-15T18:43:32+00:00,,,unlinked,,,,,new,,
scheduler_batching,45242,feat(ec-connector): async multimodal embedding-cache loading — scheduler hold-back for PENDING embeddings,https://github.com/vllm-project/vllm/issues/45242,open,,,2026-06-11T06:34:10Z,2026-06-16T03:31:01Z,2026-09-15T18:43:32+00:00,,,unlinked,,,,,new,,
scheduler_batching,46016,[RFC]: Cross-connector KV transfer QoS — plumb request priority to the connector layer,https://github.com/vllm-project/vllm/issues/46016,open,,,2026-06-18T07:40:36Z,2026-06-18T07:43:18Z,2026-09-15T18:43:32+00:00,,,unlinked,,,,,new,,
scheduler_batching,46358,[RFC]: Unify Context Parallelism in vLLM (PCP ⊥ DCP),https://github.com/vllm-project/vllm/issues/46358,open,RFC,,2026-06-22T09:28:15Z,2026-06-29T18:47:04Z,2026-09-15T18:43:32+00:00,,,linked_partial,,,,,new,,
scheduler_batching,46490,[Bug]: AttributeError: 'ColumnParallelLinear' object has no attribute 'weight'  KeyError req_index = model_runner_output.req_id_to_index[req_id],https://github.com/vllm-project/vllm/issues/46490,open,bug,,2026-06-23T11:50:07Z,2026-06-23T12:55:37Z,2026-09-15T18:43:32+00:00,,,unlinked,,,,,new,,
scheduler_batching,47136,[Bug]: cached_tokens always equals prompt_tokens in disaggregated prefill (P/D) on the decode node,https://github.com/vllm-project/vllm/issues/47136,open,bug,,2026-06-30T08:40:45Z,2026-06-30T08:40:45Z,2026-09-15T18:43:32+00:00,,,unlinked,,,,,new,,
scheduler_batching,47280,[RFC]: Implement return indexer topk for sparse attention.,https://github.com/vllm-project/vllm/issues/47280,open,RFC,,2026-07-01T09:39:18Z,2026-07-01T09:45:53Z,2026-09-15T18:43:32+00:00,,,linked_partial,,,,,new,,
scheduler_batching,48147,[RFC]: Optimizing Asynchronous Stream Serialization in OpenAI API Entrypoint,https://github.com/vllm-project/vllm/issues/48147,open,RFC,,2026-07-09T17:19:48Z,2026-07-09T17:19:48Z,2026-09-15T18:43:32+00:00,,,unlinked,,,,,new,,
scheduler_batching,48197,[RFC]: StructuredOutputManager x Speculative Decoding Refactor,https://github.com/vllm-project/vllm/issues/48197,open,"structured-output, RFC, speculative-decoding",,2026-07-10T02:13:01Z,2026-09-14T18:25:28Z,2026-09-15T18:43:32+00:00,,,unlinked,,,,,new,,
scheduler_batching,49538,[Feature]: Real-time request-queue signal (NUM_REQUESTS_RUNNING/WAITING) for external routers,https://github.com/vllm-project/vllm/issues/49538,open,feature request,,2026-07-23T06:57:07Z,2026-08-03T09:42:02Z,2026-09-15T18:43:32+00:00,,,unlinked,,,,,new,,
scheduler_batching,50159,"[Bug]: Model Runner V2 + Gemma-4: memory profiler reports ~0.9 GiB more ""available KV"" than MRv1 → no runtime headroom → CUDA OOM under saturating load (no spec involved); with EAGLE it crashes earlier at cudagraph capture (stable-ABI aten::empty)",https://github.com/vllm-project/vllm/issues/50159,open,,,2026-07-28T16:17:33Z,2026-08-03T19:56:42Z,2026-09-15T18:43:32+00:00,,,unlinked,,,,,new,,
scheduler_batching,50189,"[Bug]: Xid 31 MMU fault (illegal write) with flashinfer_b12x MoE backend under concurrent chunked prefill (SM120, Qwen3.5-122B-A10B-NVFP4)",https://github.com/vllm-project/vllm/issues/50189,open,,,2026-07-28T23:17:33Z,2026-08-30T16:43:34Z,2026-09-15T18:43:32+00:00,,,unlinked,,,,,new,,
scheduler_batching,50416,[Performance]: FlashInfer NVFP4 KV cache causal prefill is ~1.7-1.8x slower than FP8 on SM120,https://github.com/vllm-project/vllm/issues/50416,open,quantization,,2026-07-30T09:14:33Z,2026-08-04T00:32:41Z,2026-09-15T18:43:32+00:00,,,unlinked,,,,,new,,
scheduler_batching,50853,"[RFC]: Complete Model Runner V2 pipeline parallelism: scheduling, speculative decoding, and PP-first DP/EP topology",https://github.com/vllm-project/vllm/issues/50853,open,"kimi, k3",,2026-08-03T10:54:31Z,2026-08-18T10:00:06Z,2026-09-15T18:43:32+00:00,,,unlinked,,,,,new,,
scheduler_batching,51212,[RFC]: Model Runner V2 Pluggable Design,https://github.com/vllm-project/vllm/issues/51212,open,RFC,,2026-08-06T01:17:33Z,2026-08-26T13:42:49Z,2026-09-15T18:43:32+00:00,,,linked_partial,,,,,new,,
scheduler_batching,51608,[RFC]: Extensible Scheduler Plugin Framework for vLLM,https://github.com/vllm-project/vllm/issues/51608,open,RFC,,2026-08-10T03:43:06Z,2026-08-10T03:43:06Z,2026-09-15T18:43:32+00:00,,,linked_partial,,,,,new,,
scheduler_batching,51639,[RFC]: Generic Control RPC for KV Connectors,https://github.com/vllm-project/vllm/issues/51639,open,RFC,,2026-08-10T08:10:04Z,2026-08-10T10:32:36Z,2026-09-15T18:43:32+00:00,,,unlinked,,,,,new,,
scheduler_batching,51788,[RFC]: Suffix decoding on GPU (`suffix_gpu`) — GPU-resident suffix decoding compatible with async scheduling,https://github.com/vllm-project/vllm/issues/51788,open,RFC,,2026-08-11T09:12:06Z,2026-08-20T03:34:38Z,2026-09-15T18:43:32+00:00,,,linked_partial,,,,,new,,
scheduler_batching,52105,"[Bug]: sparse_mla_attention forward_mha falls through to unimplemented base class under low max-num-batched-tokens, surfaces as scheduler KeyError",https://github.com/vllm-project/vllm/issues/52105,open,,,2026-08-13T05:52:25Z,2026-08-17T01:08:14Z,2026-09-15T18:43:32+00:00,,,unlinked,,,,,new,,
scheduler_batching,52339,[Bug]: DeepSeek-V4 FlashMLA sparse prefill phase1.cuh:614 on H20-3e TP8 at ~161K context,https://github.com/vllm-project/vllm/issues/52339,open,,,2026-08-14T13:18:53Z,2026-08-30T16:53:06Z,2026-09-15T18:43:32+00:00,,,unlinked,,,,,new,,
scheduler_batching,52617,[Bug]: vLLM 0.26.0 LMCache P/D receiver reports a full KV-cache hit but decoding diverges from the monolithic baseline at token 0,https://github.com/vllm-project/vllm/issues/52617,open,bug,,2026-08-17T12:43:01Z,2026-08-19T15:12:00Z,2026-09-15T18:43:32+00:00,,,unlinked,,,,,new,,
scheduler_batching,52727,[Feature]: Low-overhead asynchronous early-exit checks & KV-cache reclamation for Continuous Batching,https://github.com/vllm-project/vllm/issues/52727,open,feature request,,2026-08-18T09:09:33Z,2026-08-18T09:09:33Z,2026-09-15T18:43:32+00:00,,,unlinked,,,,,new,,
scheduler_batching,52820,"Scheduler.schedule() is the most complex function in the codebase (complexity 136, 841 lines)",https://github.com/vllm-project/vllm/issues/52820,open,usage,,2026-08-18T19:42:45Z,2026-08-18T19:42:45Z,2026-09-15T18:43:32+00:00,,,unlinked,,,,,new,,
scheduler_batching,52871,[Bug] Forward-pass CUDA OOM kills the whole EngineCore instead of preempting/rejecting the request,https://github.com/vllm-project/vllm/issues/52871,open,quantization,,2026-08-19T04:33:16Z,2026-08-30T09:02:34Z,2026-09-15T18:43:32+00:00,,,unlinked,,,,,new,,
scheduler_batching,52906,[RFC]: Adaptive prefill token budget based on scheduling pressure,https://github.com/vllm-project/vllm/issues/52906,open,RFC,,2026-08-19T08:07:02Z,2026-09-04T07:03:42Z,2026-09-15T18:43:32+00:00,,,linked_partial,,,,,new,,
scheduler_batching,52959,[RFC]: Internal State Checkpoints for Mamba Align Mode,https://github.com/vllm-project/vllm/issues/52959,open,"RFC, kimi",,2026-08-19T14:59:26Z,2026-08-19T17:37:10Z,2026-09-15T18:43:32+00:00,,,unlinked,,,,,new,,
scheduler_batching,53277,[Feature]: Cache-aware waiting QoS with optional cooperative prefill preemption,https://github.com/vllm-project/vllm/issues/53277,open,,,2026-08-21T14:48:14Z,2026-08-21T16:47:50Z,2026-09-15T18:43:32+00:00,,,unlinked,,,,,new,,
scheduler_batching,53480,"[Bug][XPU]: Silent persistent output corruption (endless ""!"" / token 0) under sustained concurrent decode on Arc Pro B70, W4A16 27B head_dim 256",https://github.com/vllm-project/vllm/issues/53480,open,intel-gpu,,2026-08-23T21:47:33Z,2026-09-15T15:53:28Z,2026-09-15T18:43:32+00:00,,,unlinked,,,,,new,,
scheduler_batching,53703,[RFC]: Progressive block handoff for NIXL Push,https://github.com/vllm-project/vllm/issues/53703,open,"RFC, kv-connector",,2026-08-25T09:15:07Z,2026-08-25T09:54:21Z,2026-09-15T18:43:32+00:00,,,linked_partial,,,,,new,,
scheduler_batching,53714,[RFC]: PCP-Sharded O-Projection Weights,https://github.com/vllm-project/vllm/issues/53714,open,"RFC, quantization",,2026-08-25T10:36:54Z,2026-08-28T09:46:39Z,2026-09-15T18:43:32+00:00,,,unlinked,,,,,new,,
scheduler_batching,53928,[Bug]:  [XPU] RuntimeError: causal_conv1d does not support spec-decode and non-spec tokens in the same invocation (MTP + chunked prefill),https://github.com/vllm-project/vllm/issues/53928,open,"bug, intel-gpu, quantization",,2026-08-26T17:35:07Z,2026-08-28T00:59:19Z,2026-09-15T18:43:32+00:00,,,unlinked,,,,,new,,
scheduler_batching,54179,[Bug]: FlashMLA sparse prefill assertion failed on H20 with DeepSeek-V4-Flash + DSpark + long context (v0.26.0 regression),https://github.com/vllm-project/vllm/issues/54179,open,"bug, deepseek, quantization, DSv4",,2026-08-28T08:19:21Z,2026-09-01T15:37:35Z,2026-09-15T18:43:32+00:00,,,unlinked,,,,,new,,
scheduler_batching,54229,[RFC]: Privacy-safe runtime incident snapshots for fatal EngineCore failures,https://github.com/vllm-project/vllm/issues/54229,open,"RFC, quantization",,2026-08-28T15:42:59Z,2026-09-12T10:18:46Z,2026-09-15T18:43:32+00:00,,,unlinked,,,,,new,,
scheduler_batching,54317,"[Bug]: GLM-5.3-Flash (glm5next) — recurring CUDA illegal memory access on 4xB200, surfacing in three unrelated kernels (KDA linear-attention, MHC TileLang, TRT-LLM fused MoE)",https://github.com/vllm-project/vllm/issues/54317,open,"structured-output, kimi, glm",,2026-08-29T05:42:52Z,2026-09-10T15:14:58Z,2026-09-15T18:43:32+00:00,,,unlinked,,,,,new,,
scheduler_batching,54392,"[Bug]: PD-admitted Mamba request is spec-padded before prefill completes, then align split truncates the 8-token window to 5",https://github.com/vllm-project/vllm/issues/54392,open,kimi,,2026-08-30T04:27:03Z,2026-09-02T08:55:47Z,2026-09-15T18:43:32+00:00,,,unlinked,,,,,new,,
scheduler_batching,54644,[RFC]: Preemption victim-selection extension point (least-computed-first as the first built-in),https://github.com/vllm-project/vllm/issues/54644,open,,,2026-08-31T22:29:44Z,2026-08-31T22:35:59Z,2026-09-15T18:43:32+00:00,,,unlinked,,,,,new,,
scheduler_batching,54914,[Bug]: KV Cache Offloading AssertionError after several days of uptime with DeepSeek-V4-Pro on 3×8 H100 (TP8+DP3),https://github.com/vllm-project/vllm/issues/54914,open,"bug, deepseek, DSv4",,2026-09-02T07:01:57Z,2026-09-12T13:32:27Z,2026-09-15T18:43:32+00:00,,,unlinked,,,,,new,,
scheduler_batching,54919,`[Performance]: Qwen3.8-Flash-Next long-prefill workload periodically starves active decode for 3-7 minutes on 2-node DGX Spark TP2`,https://github.com/vllm-project/vllm/issues/54919,open,"bug, quantization",,2026-09-02T07:56:39Z,2026-09-11T03:12:00Z,2026-09-15T18:43:32+00:00,,,unlinked,,,,,new,,
scheduler_batching,55259,[RFC]: Optional native startup self-benchmarking for forward-pass performance characterization,https://github.com/vllm-project/vllm/issues/55259,open,quantization,,2026-09-03T23:55:14Z,2026-09-03T23:58:42Z,2026-09-15T18:43:32+00:00,,,unlinked,,,,,new,,
scheduler_batching,55265,"[RFC] Length-aware batch composition for admission scheduling — experimental evidence, fairness fix, and where it breaks",https://github.com/vllm-project/vllm/issues/55265,open,,,2026-09-04T01:32:59Z,2026-09-07T13:56:44Z,2026-09-15T18:43:32+00:00,,,unlinked,,,,,new,,
scheduler_batching,55503,[Bug]: OffloadingConnector multi-tier (CPU+fs secondary tier) + MTP speculative decoding crashes EngineCore in _build_store_jobs (assert len(offload_keys) == len(offload_block_ids)),https://github.com/vllm-project/vllm/issues/55503,open,"speculative-decoding, quantization",,2026-09-05T19:51:08Z,2026-09-07T15:30:30Z,2026-09-15T18:43:32+00:00,,,unlinked,,,,,new,,
scheduler_batching,55524,"[RFC] Mamba2: exact-replay decode so that prefill, chunked prefill and decode produce identical bits",https://github.com/vllm-project/vllm/issues/55524,open,,,2026-09-06T02:07:27Z,2026-09-10T09:00:19Z,2026-09-15T18:43:32+00:00,,,linked_partial,,,,,new,,
scheduler_batching,55798,[Performance]: A performance optimization in the Scheduler regarding pad_spec_decode,https://github.com/vllm-project/vllm/issues/55798,open,"performance, scheduler",,2026-09-08T02:48:09Z,2026-09-11T06:08:26Z,2026-09-15T18:43:32+00:00,,,unlinked,,,,,new,,
scheduler_batching,55933,"[New Model]: rumik-oss-1 (Cohere2 + audio-token TTS) -- working out-of-tree plugin, proposing upstream support",https://github.com/vllm-project/vllm/issues/55933,open,quantization,,2026-09-08T16:23:24Z,2026-09-08T16:40:48Z,2026-09-15T18:43:32+00:00,,,unlinked,,,,,new,,
scheduler_batching,56581,[RFC]: Streaming prompt prefill for overlapping upstream generation and downstream prefill,https://github.com/vllm-project/vllm/issues/56581,open,,,2026-09-12T07:18:52Z,2026-09-12T07:18:52Z,2026-09-15T18:43:32+00:00,,,unlinked,,,,,new,,
scheduler_batching,56771,[Bug]: DeepSeek-V4.1-Flash + DSpark speculative decoding — illegal memory access in SM120 sparse-MLA prefill on long prompts,https://github.com/vllm-project/vllm/issues/56771,open,"speculative-decoding, deepseek, DSv4.1",,2026-09-14T07:12:52Z,2026-09-14T11:38:39Z,2026-09-15T18:43:32+00:00,,,unlinked,,,,,new,,
scheduler_batching,56880,[RFC]: Add NCP-OLMo support and NCP DFlash speculative decoding,https://github.com/vllm-project/vllm/issues/56880,open,"speculative-decoding, quantization",,2026-09-14T18:08:18Z,2026-09-14T18:08:26Z,2026-09-15T18:43:32+00:00,,,unlinked,,,,,new,,
speculative_decoding,28762,[Installation]: getting vLLM installed with a free-threaded Python interpreter (3.14t),https://github.com/vllm-project/vllm/issues/28762,open,"installation, unstale",,2025-11-14T23:09:39Z,2026-09-03T01:47:33Z,2026-09-15T18:43:32+00:00,,,unlinked,,,,,new,,
speculative_decoding,35288,[Bug]: MTP speculative decoding produces corrupted output at concurrency >= 4 (V1 engine),https://github.com/vllm-project/vllm/issues/35288,open,bug,,2026-02-25T11:52:46Z,2026-09-01T18:54:47Z,2026-09-15T18:43:32+00:00,,,unlinked,,,,,new,,
speculative_decoding,39096,[Bug]: Batch invariance breaks with torch.compile and/or CUDA graphs on SM<90,https://github.com/vllm-project/vllm/issues/39096,open,bug,,2026-04-06T17:59:49Z,2026-08-16T14:46:46Z,2026-09-15T18:43:32+00:00,,,unlinked,,,,,triage,,
speculative_decoding,39680,[Performance]: Qwen3.5 with mtp is slower than without,https://github.com/vllm-project/vllm/issues/39680,open,performance,,2026-04-13T07:52:13Z,2026-08-03T19:59:55Z,2026-09-15T18:43:32+00:00,,,unlinked,,,,,new,,
speculative_decoding,42109,[RFC]: Disaggregated Speculative Decoding with Standalone Parallel Draft Model,https://github.com/vllm-project/vllm/issues/42109,open,RFC,,2026-05-08T19:31:41Z,2026-07-20T15:47:00Z,2026-09-15T18:43:32+00:00,,,unlinked,,,,,new,,
speculative_decoding,44697,[RFC]: MTP speculative decoding under pipeline parallelism (PP>1),https://github.com/vllm-project/vllm/issues/44697,open,RFC,,2026-06-05T23:44:51Z,2026-09-01T06:10:31Z,2026-09-15T18:43:32+00:00,,,linked_partial,,,,,new,,
speculative_decoding,44734,CUDA device-side assert with nvidia/Qwen3.6-35B-A3B-NVFP4 + MTP on nightly f91fb2f,https://github.com/vllm-project/vllm/issues/44734,open,,,2026-06-06T12:51:29Z,2026-06-29T06:52:46Z,2026-09-15T18:43:32+00:00,,,unlinked,,,,,new,,
speculative_decoding,44843,[Bug]: cc with vllm glm-5-fp8 function call error,https://github.com/vllm-project/vllm/issues/44843,open,"bug, tool-calling",,2026-06-08T07:12:49Z,2026-08-31T23:41:16Z,2026-09-15T18:43:32+00:00,,,unlinked,,,,,new,,
speculative_decoding,45531,[Bug]: minimax M3MXFP8 with mtp can not start success,https://github.com/vllm-project/vllm/issues/45531,open,bug,,2026-06-13T14:51:48Z,2026-07-03T02:24:31Z,2026-09-15T18:43:32+00:00,,,unlinked,,,,,new,,
speculative_decoding,46707,[RFC]: Support for Domino speculative decoding in vLLM,https://github.com/vllm-project/vllm/issues/46707,open,"RFC, speculative-decoding",,2026-06-25T08:35:21Z,2026-07-01T13:40:17Z,2026-09-15T18:43:32+00:00,,,unlinked,,,,,new,,
speculative_decoding,46977,[Feature]: Support combining multiple speculative decoding methods (e.g. MTP + ngram),https://github.com/vllm-project/vllm/issues/46977,open,feature request,,2026-06-29T00:33:09Z,2026-07-01T03:39:20Z,2026-09-15T18:43:32+00:00,,,unlinked,,,,,new,,
speculative_decoding,47602,"[Performance]: Native MTP draft acceptance rate decays with total context length (Qwen3.6-27B, in-range context, no --hf-overrides)",https://github.com/vllm-project/vllm/issues/47602,open,,,2026-07-04T10:47:51Z,2026-08-15T15:44:06Z,2026-09-15T18:43:32+00:00,,,unlinked,,,,,new,,
speculative_decoding,48627,[RFC]: Context-length-aware speculative token scheduling — extending num_speculative_tokens_per_batch_size with a context-length axis,https://github.com/vllm-project/vllm/issues/48627,open,,,2026-07-14T15:28:22Z,2026-09-01T09:33:16Z,2026-09-15T18:43:32+00:00,,,linked_partial,,,,,new,,
speculative_decoding,49090,[RFC][SpecDecode] Move MTP completeness validation to the weight-update transaction boundary,https://github.com/vllm-project/vllm/issues/49090,open,,,2026-07-19T12:51:51Z,2026-07-20T09:10:59Z,2026-09-15T18:43:32+00:00,,,unlinked,,,,,new,,
speculative_decoding,50079,RFC: Kimi K3 RL support roadmap,https://github.com/vllm-project/vllm/issues/50079,open,"RFC, kimi, k3",,2026-07-28T04:05:42Z,2026-08-24T08:44:11Z,2026-09-15T18:43:32+00:00,,,unlinked,,,,,new,,
speculative_decoding,50391,[RFC]: Support Speculative Decoding with Decode Context Parallelism,https://github.com/vllm-project/vllm/issues/50391,open,RFC,,2026-07-30T07:21:04Z,2026-08-04T12:33:35Z,2026-09-15T18:43:32+00:00,,,unlinked,,,,,new,,
speculative_decoding,52038,[RFC]: LoRA adapter support for DFlash speculative decoding draft models,https://github.com/vllm-project/vllm/issues/52038,open,RFC,,2026-08-12T19:09:15Z,2026-08-12T19:09:15Z,2026-09-15T18:43:32+00:00,,,unlinked,,,,,new,,
speculative_decoding,52262,[Bug]: Error while trying Speculative Decoding on Intel XPU for Qwen/Qwen3.6-35B-A3B,https://github.com/vllm-project/vllm/issues/52262,open,"bug, intel-gpu",,2026-08-14T05:01:11Z,2026-09-15T05:24:32Z,2026-09-15T18:43:32+00:00,,,unlinked,,,,,new,,
speculative_decoding,52480,[Bug]: qwen3_5_mtp fails to load at tensor-parallel-size >= 2 (drafter weight shape mismatch),https://github.com/vllm-project/vllm/issues/52480,open,quantization,,2026-08-16T01:59:18Z,2026-08-16T11:42:15Z,2026-09-15T18:43:32+00:00,,,unlinked,,,,,new,,
speculative_decoding,52620,[Bug]: `ngram_gpu` speculative decoding with xgrammar returns HTTP 500 under concurrent structured-output requests,https://github.com/vllm-project/vllm/issues/52620,open,"bug, structured-output",,2026-08-17T13:04:31Z,2026-08-31T23:25:04Z,2026-09-15T18:43:32+00:00,,,unlinked,,,,,new,,
speculative_decoding,53180,"[Bug]: TurboQuant k8v4 + MTP speculative decoding silently produces degenerate output on hybrid GDN models (v0.27.1, stock)",https://github.com/vllm-project/vllm/issues/53180,open,"speculative-decoding, quantization",,2026-08-21T00:36:30Z,2026-09-06T21:41:11Z,2026-09-15T18:43:32+00:00,,,unlinked,,,,,new,,
speculative_decoding,53670,"EAGLE/MTP prefix-cache last-block drop causes a 1,648-token recompute per hit on one hybrid Qwen3.8 GDN layout — ~30-40% batch throughput loss on prefix-reusing workloads with speculative decoding",https://github.com/vllm-project/vllm/issues/53670,open,speculative-decoding,,2026-08-25T03:51:49Z,2026-09-10T07:18:02Z,2026-09-15T18:43:32+00:00,,,unlinked,,,,,new,,
speculative_decoding,53673,[RFC]: Decouple draft-model parallelism from the target model (PCP/DCP + speculative decoding),https://github.com/vllm-project/vllm/issues/53673,open,"RFC, speculative-decoding, kimi, k3",,2026-08-25T04:42:23Z,2026-08-25T04:42:41Z,2026-09-15T18:43:32+00:00,,,unlinked,,,,,new,,
speculative_decoding,53890,[Installation]: 0.28.0 build error in jetson agx orin 64G jetpack 7.2.1,https://github.com/vllm-project/vllm/issues/53890,open,installation,,2026-08-26T12:31:04Z,2026-08-26T12:31:04Z,2026-09-15T18:43:32+00:00,,,unlinked,,,,,new,,
speculative_decoding,54080,[RFC]: TreeWY: Tree Speculative Decoding for hybrid (GDN) models,https://github.com/vllm-project/vllm/issues/54080,open,"RFC, speculative-decoding",,2026-08-27T17:05:18Z,2026-09-10T23:06:06Z,2026-09-15T18:43:32+00:00,,,unlinked,,,,,new,,
speculative_decoding,54082,"[Feature]: Entropy-Gated Dynamic Speculative Decoding (Dynamic k in {0, K}) via Real-Time Shannon Hysteresis",https://github.com/vllm-project/vllm/issues/54082,open,"feature request, speculative-decoding",,2026-08-27T17:12:03Z,2026-08-29T15:28:41Z,2026-09-15T18:43:32+00:00,,,unlinked,,,,,new,,
speculative_decoding,54360,[Bug]: Speculative decoding (mtp and dflash) silently disables prefix-cache hits for hybrid GDN models on nightly; worked on v0.24.0,https://github.com/vllm-project/vllm/issues/54360,open,speculative-decoding,,2026-08-29T15:21:37Z,2026-09-05T21:07:09Z,2026-09-15T18:43:32+00:00,,,unlinked,,,,,new,,
speculative_decoding,54414,[Feature][KV-offloading]: recent-window state groups can never participate in restores — per-group offload exclusion + hit-boundary rollback (GLM-5.3 tail_cache),https://github.com/vllm-project/vllm/issues/54414,open,glm,,2026-08-30T09:41:46Z,2026-08-30T11:31:05Z,2026-09-15T18:43:32+00:00,,,unlinked,,,,,new,,
speculative_decoding,54698,[Bug]: EngineCore hangs indefinitely in torch.xpu.graphs.replay() under concurrent load on Intel Arc B70 (Battlemage),https://github.com/vllm-project/vllm/issues/54698,open,"intel-gpu, quantization",,2026-09-01T04:43:18Z,2026-09-01T04:54:55Z,2026-09-15T18:43:32+00:00,,,unlinked,,,,,new,,
speculative_decoding,55357,"[Bug] Qwen3.8-Flash-Next (qwen4_exp) + MTP: episodic 0% draft acceptance + repetition collapse in thinking block until max_tokens (SM120, bf16 KV, nightly @73029d4)",https://github.com/vllm-project/vllm/issues/55357,open,"tool-calling, quantization",,2026-09-04T15:52:33Z,2026-09-05T13:35:30Z,2026-09-15T18:43:32+00:00,,,unlinked,,,,,new,,
speculative_decoding,55425,[Bug]: [XPU] Intel Arc Pro B70: Qwen3.8-27B MTP2 at 160K causes xe CCS timeout / BCS fault; MTP1 stable,https://github.com/vllm-project/vllm/issues/55425,open,"bug, intel-gpu, quantization",,2026-09-05T03:10:58Z,2026-09-15T11:46:55Z,2026-09-15T18:43:32+00:00,,,unlinked,,,,,new,,
speculative_decoding,56088,"[Bug]: qwen4_exp (Qwen3.8-Flash-Next) cannot serve DeepSpec DFlash/DSpark drafters: five blockers, patches available",https://github.com/vllm-project/vllm/issues/56088,open,,,2026-09-09T13:39:38Z,2026-09-11T14:19:27Z,2026-09-15T18:43:32+00:00,,,unlinked,,,,,new,,
structured_output_tooling,-3271304,[Subissue #32713.4] deprecate reasoning_parser / tool_calling parser flags in favor of Parser being defined by the model that is served.,https://github.com/vllm-project/vllm/issues/32713,closed,"rfc-subissue, parser, harmony",,2026-01-20T19:00:20Z,2026-07-24T02:18:41Z,2026-09-15T18:43:32+00:00,,,unlinked,,parser/harmony unification,high,medium,triage,,Broad deprecation task; defer until Parser class owns more model-specific parsing paths
structured_output_tooling,-3271303,[Subissue #32713.3] move GPT-OSS Harmony to the Parser class to reduce code forkage,https://github.com/vllm-project/vllm/issues/32713,closed,"rfc-subissue, parser, harmony",,2026-01-20T19:00:20Z,2026-07-24T02:18:41Z,2026-09-15T18:43:32+00:00,,,unlinked,,parser/harmony unification,high,medium,triage,,Best scoped parser RFC opportunity: map GPT-OSS Harmony-specific paths to Parser class after #32712
structured_output_tooling,-3271302,[Subissue #32713.2] support models that can output parallel tool calls and interleaved reasoning,https://github.com/vllm-project/vllm/issues/32713,closed,"rfc-subissue, parser, harmony",,2026-01-20T19:00:20Z,2026-07-24T02:18:41Z,2026-09-15T18:43:32+00:00,,,unlinked,,parser/harmony unification,high,medium,triage,,Broad capability task; inventory parser assumptions for parallel tool calls and interleaved reasoning
structured_output_tooling,-3271301,"[Subissue #32713.1] use parser class in other entrypoints (chat completions, etc)",https://github.com/vllm-project/vllm/issues/32713,closed,"rfc-subissue, parser, harmony",,2026-01-20T19:00:20Z,2026-07-24T02:18:41Z,2026-09-15T18:43:32+00:00,,,unlinked,,parser/harmony unification,high,medium,triage,,Broad architecture task; first inspect #32712 and current chat-completions parser entrypoints
structured_output_tooling,37558,“vLLM-deployed Qwen3.5 with Reasoning Parser Shows Empty reasoningContent in Spring AI OpenAI Model”,https://github.com/vllm-project/vllm/issues/37558,open,"bug, tool-calling",,2026-03-19T11:51:59Z,2026-08-31T23:45:22Z,2026-09-15T18:43:32+00:00,,,unlinked,,,,,new,,
structured_output_tooling,42021,[Bug]:Qwen3.5 with reasoning-parser returns non-standard tool call format when enable_thinking=true,https://github.com/vllm-project/vllm/issues/42021,open,"bug, tool-calling",,2026-05-08T03:59:35Z,2026-08-31T23:42:10Z,2026-09-15T18:43:32+00:00,,,unlinked,,,,,new,,
structured_output_tooling,43116,[Bug]: Granite 3.3 / 4.0 H-Small Python-style tool calls not converted to OpenAI tool_calls format,https://github.com/vllm-project/vllm/issues/43116,open,"unstale, tool-calling",,2026-05-19T16:13:02Z,2026-09-01T01:49:54Z,2026-09-15T18:43:32+00:00,,,unlinked,,,,,new,,
structured_output_tooling,45572,[Feature]: Canvas-aware structured outputs / guided decoding for diffusion language models,https://github.com/vllm-project/vllm/issues/45572,open,structured-output,,2026-06-14T09:09:38Z,2026-08-31T23:26:12Z,2026-09-15T18:43:32+00:00,,,unlinked,,,,,new,,
structured_output_tooling,46049,feat: model-agnostic reasoning content detection to prevent per-model parser proliferation,https://github.com/vllm-project/vllm/issues/46049,open,tool-calling,,2026-06-18T13:12:37Z,2026-08-31T23:40:51Z,2026-09-15T18:43:32+00:00,,,unlinked,,,,,new,,
structured_output_tooling,46118,[Bug]: 这是 MTP 推测解码 + 结构化输出（grammar）冲突的已知 bug。MTP 生成的 speculative tokens 里有 grammar FSM 无法处理的 token（如特殊 token 248069），导致 FSM 拒绝整个请求,https://github.com/vllm-project/vllm/issues/46118,open,"bug, structured-output, speculative-decoding",,2026-06-19T01:03:42Z,2026-08-04T10:19:40Z,2026-09-15T18:43:32+00:00,,,unlinked,,,,,new,,
structured_output_tooling,47161,[RFC]: Streaming Derender for Disaggregated Serving,https://github.com/vllm-project/vllm/issues/47161,open,"RFC, tool-calling",,2026-06-30T13:28:52Z,2026-08-31T23:40:22Z,2026-09-15T18:43:32+00:00,,,linked_partial,,,,,new,,
structured_output_tooling,48080,[RFC]: Confident Decoding — entropy-guided intermediate-layer logits selection,https://github.com/vllm-project/vllm/issues/48080,open,,,2026-07-09T05:28:55Z,2026-07-09T05:28:55Z,2026-09-15T18:43:32+00:00,,,linked_partial,,,,,new,,
structured_output_tooling,48201,[RFC]: GLM-5.x thinking_token_budget defaults and regression tests,https://github.com/vllm-project/vllm/issues/48201,open,tool-calling,,2026-07-10T02:49:12Z,2026-08-31T23:39:35Z,2026-09-15T18:43:32+00:00,,,unlinked,,,,,new,,
structured_output_tooling,48208,"[Feature]:  Proposal for an Automated Request Validation and Normalization Module at the Upstream of vLLM (Hard Interception) to Fundamentally Solve DSML Leakage, Garbled Output, and Empty Responses",https://github.com/vllm-project/vllm/issues/48208,open,feature request,,2026-07-10T04:15:17Z,2026-07-13T01:37:24Z,2026-09-15T18:43:32+00:00,,,unlinked,,,,,new,,
structured_output_tooling,48477,[Bug]: Qwen3.5-122B-A10B-FP8 serve crashes on nightly/0.25 (CUBLAS_STATUS_EXECUTION_FAILED at profile_run); no version serves FP8 hybrid GDN + DFlash together,https://github.com/vllm-project/vllm/issues/48477,open,,,2026-07-13T08:28:54Z,2026-07-30T00:56:17Z,2026-09-15T18:43:32+00:00,,,unlinked,,,,,new,,
structured_output_tooling,49311,[Bug]: v0.25.0 regression - Qwen3.5 FP8 on H200 crashes during CUDA graph capture with CUDA illegal memory access,https://github.com/vllm-project/vllm/issues/49311,open,bug,,2026-07-21T09:34:23Z,2026-07-25T10:23:17Z,2026-09-15T18:43:32+00:00,,,unlinked,,,,,new,,
structured_output_tooling,49865,"[Bug]: Inkling parser is wrong for non reasoning mode - outputs ""<|end_message|>""",https://github.com/vllm-project/vllm/issues/49865,open,"bug, tool-calling",,2026-07-26T08:07:28Z,2026-08-31T23:38:13Z,2026-09-15T18:43:32+00:00,,,unlinked,,,,,new,,
structured_output_tooling,50966,[RFC]: Pluggable structured-output backends + GRID as a third contract point (declared outcomes for schemas you don't control),https://github.com/vllm-project/vllm/issues/50966,open,structured-output,,2026-08-04T04:43:19Z,2026-08-31T23:25:26Z,2026-09-15T18:43:32+00:00,,,unlinked,,,,,new,,
structured_output_tooling,50989,[Bug]: Qwen 3.* models go into doom loop if you use strict mode with tools without arguments.,https://github.com/vllm-project/vllm/issues/50989,open,"bug, tool-calling",,2026-08-04T07:22:24Z,2026-08-31T23:37:22Z,2026-09-15T18:43:32+00:00,,,unlinked,,,,,new,,
structured_output_tooling,52280,[Bug]: Muse-glimmer flawed on formatting (qwen3.6-35b also affected): so many Latex escape errors?,https://github.com/vllm-project/vllm/issues/52280,open,bug,,2026-08-14T06:10:18Z,2026-08-19T14:29:26Z,2026-09-15T18:43:32+00:00,,,unlinked,,,,,new,,
structured_output_tooling,52319,"[Bug]: Silent generation stall (Avg generation throughput drops to 0.0, no errors, /health and /v1/chat/completions still return 200) on Qwen3.5-397B-A17B / Qwen3.5-397B-A17B-FP8 / Qwen3.5-122B-A10B across v0.18.0, v0.19.0, v0.25.1",https://github.com/vllm-project/vllm/issues/52319,open,"bug, quantization",,2026-08-14T11:16:12Z,2026-08-14T11:16:21Z,2026-09-15T18:43:32+00:00,,,unlinked,,,,,new,,
structured_output_tooling,52613,"[Bug]: MiniMax-M3 (MXFP8) streaming: generation stops (empty delta, finish_reason=stop) right after reasoning closes, whenever a tool call should follow — non-streaming with identical payload succeeds",https://github.com/vllm-project/vllm/issues/52613,open,"bug, tool-calling, quantization",,2026-08-17T11:55:11Z,2026-08-31T23:36:17Z,2026-09-15T18:43:32+00:00,,,unlinked,,,,,new,,
structured_output_tooling,53181,"[Bug] Xgrammar ""Failed to advance FSM"" still fires after #52805 (0.27.2rc1.dev256+geac636a7f) — follow-up to #52852",https://github.com/vllm-project/vllm/issues/53181,open,structured-output,,2026-08-21T01:23:30Z,2026-09-08T01:05:44Z,2026-09-15T18:43:32+00:00,,,unlinked,,,,,new,,
structured_output_tooling,53434,[Bug]: Long term continuous operation leads to an increase in model output illusion,https://github.com/vllm-project/vllm/issues/53434,open,bug,,2026-08-23T05:38:57Z,2026-08-24T06:12:17Z,2026-09-15T18:43:32+00:00,,,unlinked,,,,,new,,
structured_output_tooling,53469,[Bug]: structured outputs never enforced for Muse Glimmer with --reasoning-parser muse_glimmer (json_object too; duplicate of #52594),https://github.com/vllm-project/vllm/issues/53469,open,"structured-output, tool-calling",,2026-08-23T18:19:30Z,2026-08-31T23:35:37Z,2026-09-15T18:43:32+00:00,,,unlinked,,,,,new,,
structured_output_tooling,53777,"[Bug] DFlash2 spec decode + xgrammar: deterministic ""Failed to advance FSM"" on json_object grammar (same draft token every time)",https://github.com/vllm-project/vllm/issues/53777,open,structured-output,,2026-08-25T19:11:03Z,2026-09-12T20:36:23Z,2026-09-15T18:43:32+00:00,,,unlinked,,,,,new,,
structured_output_tooling,54497,[Feature]: Upgrade XGrammar to >=0.2.4 and expose max_whitespace_cnt,https://github.com/vllm-project/vllm/issues/54497,open,structured-output,,2026-08-31T03:34:20Z,2026-09-02T19:59:55Z,2026-09-15T18:43:32+00:00,,,unlinked,,,,,new,,
structured_output_tooling,55313,[Bug]: Qwen3.8 + DSpark + streaming json_schema can desync XGrammar and emit 250k trailing spaces with HTTP 200,https://github.com/vllm-project/vllm/issues/55313,open,"bug, structured-output",,2026-09-04T09:17:30Z,2026-09-08T09:32:20Z,2026-09-15T18:43:32+00:00,,,unlinked,,,,,new,,
structured_output_tooling,55927,"DeepSeek-V4-Flash-0731: deterministic wrong token on deep-context exact retrieval at 1-in-4 prompt lengths (reasoning off) — vLLM 0.28.0 + SGLang, reproduced on two hosted providers (DeepInfra, Baidu); one provider (OpenInference) is correct",https://github.com/vllm-project/vllm/issues/55927,open,"tool-calling, deepseek, DSv4",,2026-09-08T16:09:33Z,2026-09-12T15:39:14Z,2026-09-15T18:43:32+00:00,,,unlinked,,,,,new,,
structured_output_tooling,56605,"[Bug]: GLM-5.3-Flash degenerates into repeated-token ""word salad"" in multi-turn agentic use",https://github.com/vllm-project/vllm/issues/56605,open,"bug, glm",,2026-09-12T12:22:26Z,2026-09-15T08:56:45Z,2026-09-15T18:43:32+00:00,,,unlinked,,,,,new,,
tokenization_chat_templates,34232,[Feature]: Qwen3 realtime asr,https://github.com/vllm-project/vllm/issues/34232,open,feature request,,2026-02-10T11:04:12Z,2026-06-23T19:31:40Z,2026-09-15T18:43:32+00:00,,,unlinked,,,,,new,,
tokenization_chat_templates,44181,[Bug]: [Bug] Severe GPU Memory Leak and OOM with Native KV Offloading in Multi-Node PP=2 TP=8 Setup (v0.22.0),https://github.com/vllm-project/vllm/issues/44181,open,bug,,2026-06-01T08:59:39Z,2026-07-16T10:08:11Z,2026-09-15T18:43:32+00:00,,,unlinked,,,,,new,,
tokenization_chat_templates,47236,[Bug]: 较高版本 Transformers 与已知 Mindformers YAML 配置冲突，导致 AISBench 测试报错 TypeError: Can't instantiate abstract class MindformersTokenizer,https://github.com/vllm-project/vllm/issues/47236,open,bug,,2026-07-01T02:23:22Z,2026-07-01T02:23:22Z,2026-09-15T18:43:32+00:00,,,unlinked,,,,,new,,
tokenization_chat_templates,48707,[Bug]:  vLLM 0.25.0 crashed,https://github.com/vllm-project/vllm/issues/48707,open,usage,,2026-07-15T06:57:56Z,2026-07-16T16:26:10Z,2026-09-15T18:43:32+00:00,,,unlinked,,,,,new,,
tokenization_chat_templates,49411,[RFC] [Feature] [Experimental] Support GigaToken Accelerated Tokenizer Mode,https://github.com/vllm-project/vllm/issues/49411,open,RFC,,2026-07-22T06:00:49Z,2026-07-29T02:36:14Z,2026-09-15T18:43:32+00:00,,,unlinked,,,,,new,,
tokenization_chat_templates,52029,[Usage]: RuntimeError: Engine core initialization failed. See root cause above. Failed core proc(s): {},https://github.com/vllm-project/vllm/issues/52029,open,"usage, quantization",,2026-08-12T17:37:50Z,2026-08-12T17:38:19Z,2026-09-15T18:43:32+00:00,,,unlinked,,,,,new,,
tokenization_chat_templates,53916,[RFC]: Native Text Watermarking Support,https://github.com/vllm-project/vllm/issues/53916,open,RFC,,2026-08-26T15:49:58Z,2026-09-15T05:54:07Z,2026-09-15T18:43:32+00:00,,,unlinked,,,,,new,,
tokenization_chat_templates,55689,[Bug]: GLM-5.3-Flash produces repetitive / off‑topic outputs in PD‑disaggregated deployment,https://github.com/vllm-project/vllm/issues/55689,open,"bug, kv-connector, glm",,2026-09-07T09:22:12Z,2026-09-10T08:36:45Z,2026-09-15T18:43:32+00:00,,,unlinked,,,,,new,,
tokenization_chat_templates,56700,[SM120] Field report: running DeepSeek-V4.1-Flash end-to-end on 8x RTX PRO 6000 — pitfall map + working configuration (1M context verified),https://github.com/vllm-project/vllm/issues/56700,open,"deepseek, DSv4.1",,2026-09-13T12:58:56Z,2026-09-13T13:00:32Z,2026-09-15T18:43:32+00:00,,,unlinked,,,,,new,,
